Date,VIX
1/4/2016,20.700000762939453
1/5/2016,19.34000015258789
1/6/2016,20.59000015258789
1/7/2016,24.989999771118164
1/8/2016,27.010000228881836
1/11/2016,24.299999237060547
1/12/2016,22.469999313354492
1/13/2016,25.219999313354492
1/14/2016,23.950000762939453
1/15/2016,27.020000457763672
1/19/2016,26.049999237060547
1/20/2016,27.59000015258789
1/21/2016,26.690000534057617
1/22/2016,22.34000015258789
1/25/2016,24.149999618530273
1/26/2016,22.5
1/27/2016,23.110000610351562
1/28/2016,22.420000076293945
1/29/2016,20.200000762939453
2/1/2016,19.979999542236328
2/2/2016,21.979999542236328
2/3/2016,21.649999618530273
2/4/2016,21.84000015258789
2/5/2016,23.37999916
2/8/2016,26
2/9/2016,26.540000915527344
2/10/2016,26.290000915527344
2/11/2016,28.139999389648438
2/12/2016,25.399999618530273
2/16/2016,24.110000610351562
2/17/2016,22.309999465942383
2/18/2016,21.639999389648438
2/19/2016,20.530000686645508
2/22/2016,19.37999916
2/23/2016,20.979999542236328
2/24/2016,20.719999313354492
2/25/2016,19.110000610351562
2/26/2016,19.809999465942383
2/29/2016,20.549999237060547
3/1/2016,17.700000762939453
3/2/2016,17.09000015258789
3/3/2016,16.700000762939453
3/4/2016,16.860000610351562
3/7/2016,17.350000381469727
3/8/2016,18.670000076293945
3/9/2016,18.34000015258789
3/10/2016,18.049999237060547
3/11/2016,16.5
3/14/2016,16.920000076293945
3/15/2016,16.84000015258789
3/16/2016,14.989999771118164
3/17/2016,14.43999958
3/18/2016,14.020000457763672
3/21/2016,13.789999961853027
3/22/2016,14.170000076293945
3/23/2016,14.93999958
3/24/2016,14.739999771118164
3/28/2016,15.239999771118164
3/29/2016,13.819999694824219
3/30/2016,13.56000042
3/31/2016,13.949999809265137
4/1/2016,13.100000381469727
4/4/2016,14.119999885559082
4/5/2016,15.420000076293945
4/6/2016,14.09000015258789
4/7/2016,16.15999984741211
4/8/2016,15.359999656677246
4/11/2016,16.260000228881836
4/12/2016,14.850000381469727
4/13/2016,13.84000015258789
4/14/2016,13.720000267028809
4/15/2016,13.619999885559082
4/18/2016,13.350000381469727
4/19/2016,13.239999771118164
4/20/2016,13.279999732971191
4/21/2016,13.949999809265137
4/22/2016,13.220000267028809
4/25/2016,14.079999923706055
4/26/2016,13.960000038146973
4/27/2016,13.770000457763672
4/28/2016,15.220000267028809
4/29/2016,15.699999809265137
5/2/2016,14.680000305175781
5/3/2016,15.600000381469727
5/4/2016,16.049999237060547
5/5/2016,15.90999984741211
5/6/2016,14.720000267028809
5/9/2016,14.569999694824219
5/10/2016,13.630000114440918
5/11/2016,14.68999958
5/12/2016,14.40999984741211
5/13/2016,15.039999961853027
5/16/2016,14.680000305175781
5/17/2016,15.569999694824219
5/18/2016,15.949999809265137
5/19/2016,16.329999923706055
5/20/2016,15.199999809265137
5/23/2016,15.819999694824219
5/24/2016,14.420000076293945
5/25/2016,13.899999618530273
5/26/2016,13.430000305175781
5/27/2016,13.119999885559082
5/31/2016,14.18999958
6/1/2016,14.199999809265137
6/2/2016,13.630000114440918
6/3/2016,13.470000267028809
6/6/2016,13.649999618530273
6/7/2016,14.050000190734863
6/8/2016,14.079999923706055
6/9/2016,14.640000343322754
6/10/2016,17.030000686645508
6/13/2016,20.969999313354492
6/14/2016,20.5
6/15/2016,20.139999389648438
6/16/2016,19.37000084
6/17/2016,19.40999984741211
6/20/2016,18.37000084
6/21/2016,18.479999542236328
6/22/2016,21.170000076293945
6/23/2016,17.25
6/24/2016,25.760000228881836
6/27/2016,23.850000381469727
6/28/2016,18.75
6/29/2016,16.639999389648438
6/30/2016,15.630000114440918
7/1/2016,14.770000457763672
7/5/2016,15.579999923706055
7/6/2016,14.960000038146973
7/7/2016,14.760000228881836
7/8/2016,13.199999809265137
7/11/2016,13.539999961853027
7/12/2016,13.550000190734863
7/13/2016,13.039999961853027
7/14/2016,12.819999694824219
7/15/2016,12.670000076293945
7/18/2016,12.43999958
7/19/2016,11.970000267028809
7/20/2016,11.770000457763672
7/21/2016,12.739999771118164
7/22/2016,12.020000457763672
7/25/2016,12.869999885559082
7/26/2016,13.050000190734863
7/27/2016,12.829999923706055
7/28/2016,12.720000267028809
7/29/2016,11.869999885559082
8/1/2016,12.43999958
8/2/2016,13.369999885559082
8/3/2016,12.859999656677246
8/4/2016,12.420000076293945
8/5/2016,11.390000343322754
8/8/2016,11.5
8/9/2016,11.65999984741211
8/10/2016,12.050000190734863
8/11/2016,11.680000305175781
8/12/2016,11.550000190734863
8/15/2016,11.81000042
8/16/2016,12.640000343322754
8/17/2016,12.18999958
8/18/2016,11.430000305175781
8/19/2016,11.34000015258789
8/22/2016,12.270000457763672
8/23/2016,12.380000114440918
8/24/2016,13.449999809265137
8/25/2016,13.630000114440918
8/26/2016,13.649999618530273
8/29/2016,12.93999958
8/30/2016,13.119999885559082
8/31/2016,13.420000076293945
9/1/2016,13.479999542236328
9/2/2016,11.979999542236328
9/6/2016,12.020000457763672
9/7/2016,11.93999958
9/8/2016,12.510000228881836
9/9/2016,17.5
9/12/2016,15.15999984741211
9/13/2016,17.850000381469727
9/14/2016,18.139999389648438
9/15/2016,16.299999237060547
9/16/2016,15.369999885559082
9/19/2016,15.529999732971191
9/20/2016,15.920000076293945
9/21/2016,13.300000190734863
9/22/2016,12.020000457763672
9/23/2016,12.289999961853027
9/26/2016,14.5
9/27/2016,13.100000381469727
9/28/2016,12.390000343322754
9/29/2016,14.020000457763672
9/30/2016,13.289999961853027
10/3/2016,13.569999694824219
10/4/2016,13.630000114440918
10/5/2016,12.989999771118164
10/6/2016,12.84000015258789
10/7/2016,13.479999542236328
10/10/2016,13.380000114440918
10/11/2016,15.359999656677246
10/12/2016,15.90999984741211
10/13/2016,16.690000534057617
10/14/2016,16.12000084
10/17/2016,16.209999084472656
10/18/2016,15.279999732971191
10/19/2016,14.40999984741211
10/20/2016,13.75
10/21/2016,13.34000015258789
10/24/2016,13.020000457763672
10/25/2016,13.460000038146973
10/26/2016,14.239999771118164
10/27/2016,15.359999656677246
10/28/2016,16.190000534057617
10/31/2016,17.059999465942383
11/1/2016,18.559999465942383
11/2/2016,19.31999969482422
11/3/2016,22.079999923706055
11/4/2016,22.510000228881836
11/7/2016,18.709999084472656
11/8/2016,18.739999771118164
11/9/2016,14.380000114440918
11/10/2016,14.739999771118164
11/11/2016,14.170000076293945
11/14/2016,14.479999542236328
11/15/2016,13.369999885559082
11/16/2016,13.720000267028809
11/17/2016,13.350000381469727
11/18/2016,12.850000381469727
11/21/2016,12.420000076293945
11/22/2016,12.40999984741211
11/23/2016,12.430000305175781
11/25/2016,12.34000015258789
11/28/2016,13.149999618530273
11/29/2016,12.899999618530273
11/30/2016,13.329999923706055
12/1/2016,14.069999694824219
12/2/2016,14.119999885559082
12/5/2016,12.140000343322754
12/6/2016,11.789999961853027
12/7/2016,12.220000267028809
12/8/2016,12.640000343322754
12/9/2016,11.75
12/12/2016,12.640000343322754
12/13/2016,12.720000267028809
12/14/2016,13.18999958
12/15/2016,12.789999961853027
12/16/2016,12.199999809265137
12/19/2016,11.710000038146973
12/20/2016,11.449999809265137
12/21/2016,11.270000457763672
12/22/2016,11.430000305175781
12/23/2016,11.43999958
12/27/2016,11.989999771118164
12/28/2016,12.949999809265137
12/29/2016,13.369999885559082
12/30/2016,14.039999961853027
1/3/2017,12.850000381469727
1/4/2017,11.850000381469727
1/5/2017,11.670000076293945
1/6/2017,11.319999694824219
1/9/2017,11.56000042
1/10/2017,11.489999771118164
1/11/2017,11.260000228881836
1/12/2017,11.539999961853027
1/13/2017,11.229999542236328
1/17/2017,11.869999885559082
1/18/2017,12.479999542236328
1/19/2017,12.779999732971191
1/20/2017,11.539999961853027
1/23/2017,11.770000457763672
1/24/2017,11.069999694824219
1/25/2017,10.81000042
1/26/2017,10.630000114440918
1/27/2017,10.579999923706055
1/30/2017,11.880000114440918
1/31/2017,11.989999771118164
2/1/2017,11.81000042
2/2/2017,11.930000305175781
2/3/2017,10.970000267028809
2/6/2017,11.369999885559082
2/7/2017,11.289999961853027
2/8/2017,11.449999809265137
2/9/2017,10.880000114440918
2/10/2017,10.850000381469727
2/13/2017,11.069999694824219
2/14/2017,10.739999771118164
2/15/2017,11.970000267028809
2/16/2017,11.760000228881836
2/17/2017,11.489999771118164
2/21/2017,11.569999694824219
2/22/2017,11.739999771118164
2/23/2017,11.710000038146973
2/24/2017,11.470000267028809
2/27/2017,12.09000015258789
2/28/2017,12.920000076293945
3/1/2017,12.539999961853027
3/2/2017,11.81000042
3/3/2017,10.960000038146973
3/6/2017,11.239999771118164
3/7/2017,11.449999809265137
3/8/2017,11.859999656677246
3/9/2017,12.300000190734863
3/10/2017,11.65999984741211
3/13/2017,11.350000381469727
3/14/2017,12.300000190734863
3/15/2017,11.630000114440918
3/16/2017,11.210000038146973
3/17/2017,11.279999732971191
3/20/2017,11.34000015258789
3/21/2017,12.470000267028809
3/22/2017,12.81000042
3/23/2017,13.119999885559082
3/24/2017,12.960000038146973
3/27/2017,12.5
3/28/2017,11.529999732971191
3/29/2017,11.420000076293945
3/30/2017,11.539999961853027
3/31/2017,12.369999885559082
4/3/2017,12.380000114440918
4/4/2017,11.789999961853027
4/5/2017,12.890000343322754
4/6/2017,12.390000343322754
4/7/2017,12.869999885559082
4/10/2017,14.050000190734863
4/11/2017,15.069999694824219
4/12/2017,15.770000457763672
4/13/2017,15.960000038146973
4/17/2017,14.65999984741211
4/18/2017,14.420000076293945
4/19/2017,14.930000305175781
4/20/2017,14.149999618530273
4/21/2017,14.630000114440918
4/24/2017,10.84000015258789
4/25/2017,10.760000228881836
4/26/2017,10.850000381469727
4/27/2017,10.359999656677246
4/28/2017,10.819999694824219
5/1/2017,10.109999656677246
5/2/2017,10.59000015258789
5/3/2017,10.680000305175781
5/4/2017,10.460000038146973
5/5/2017,10.569999694824219
5/8/2017,9.770000457763672
5/9/2017,9.960000038146973
5/10/2017,10.210000038146973
5/11/2017,10.600000381469727
5/12/2017,10.399999618530273
5/15/2017,10.420000076293945
5/16/2017,10.649999618530273
5/17/2017,15.59000015258789
5/18/2017,14.65999984741211
5/19/2017,12.039999961853027
5/22/2017,10.930000305175781
5/23/2017,10.720000267028809
5/24/2017,10.020000457763672
5/25/2017,9.989999771118164
5/26/2017,9.81000042
5/30/2017,10.380000114440918
5/31/2017,10.40999984741211
6/1/2017,9.890000343322754
6/2/2017,9.75
6/5/2017,10.069999694824219
6/6/2017,10.449999809265137
6/7/2017,10.390000343322754
6/8/2017,10.15999984741211
6/9/2017,10.699999809265137
6/12/2017,11.460000038146973
6/13/2017,10.420000076293945
6/14/2017,10.640000343322754
6/15/2017,10.899999618530273
6/16/2017,10.380000114440918
6/19/2017,10.369999885559082
6/20/2017,10.859999656677246
6/21/2017,10.75
6/22/2017,10.479999542236328
6/23/2017,10.020000457763672
6/26/2017,9.899999618530273
6/27/2017,11.06000042
6/28/2017,10.029999732971191
6/29/2017,11.43999958
6/30/2017,11.180000305175781
7/3/2017,11.220000267028809
7/5/2017,11.069999694824219
7/6/2017,12.539999961853027
7/7/2017,11.18999958
7/10/2017,11.109999656677246
7/11/2017,10.890000343322754
7/12/2017,10.300000190734863
7/13/2017,9.899999618530273
7/14/2017,9.510000228881836
7/17/2017,9.819999694824219
7/18/2017,9.890000343322754
7/19/2017,9.789999961853027
7/20/2017,9.579999923706055
7/21/2017,9.359999656677246
7/24/2017,9.430000305175781
7/25/2017,9.430000305175781
7/26/2017,9.600000381469727
7/27/2017,10.109999656677246
7/28/2017,10.289999961853027
7/31/2017,10.260000228881836
8/1/2017,10.09000015258789
8/2/2017,10.279999732971191
8/3/2017,10.43999958
8/4/2017,10.029999732971191
8/7/2017,9.930000305175781
8/8/2017,10.960000038146973
8/9/2017,11.109999656677246
8/10/2017,16.040000915527344
8/11/2017,15.510000228881836
8/14/2017,12.329999923706055
8/15/2017,12.039999961853027
8/16/2017,11.739999771118164
8/17/2017,15.550000190734863
8/18/2017,14.260000228881836
8/21/2017,13.18999958
8/22/2017,11.350000381469727
8/23/2017,12.25
8/24/2017,12.229999542236328
8/25/2017,11.279999732971191
8/28/2017,11.319999694824219
8/29/2017,11.699999809265137
8/30/2017,11.220000267028809
8/31/2017,10.59000015258789
9/1/2017,10.130000114440918
9/5/2017,12.229999542236328
9/6/2017,11.630000114440918
9/7/2017,11.550000190734863
9/8/2017,12.119999885559082
9/11/2017,10.729999542236328
9/12/2017,10.579999923706055
9/13/2017,10.5
9/14/2017,10.43999958
9/15/2017,10.170000076293945
9/18/2017,10.149999618530273
9/19/2017,10.180000305175781
9/20/2017,9.779999732971191
9/21/2017,9.670000076293945
9/22/2017,9.590000153
9/25/2017,10.210000038146973
9/26/2017,10.170000076293945
9/27/2017,9.869999885559082
9/28/2017,9.550000190734863
9/29/2017,9.510000228881836
10/2/2017,9.449999809265137
10/3/2017,9.510000228881836
10/4/2017,9.630000114440918
10/5/2017,9.18999958
10/6/2017,9.649999618530273
10/9/2017,10.329999923706055
10/10/2017,10.079999923706055
10/11/2017,9.850000381469727
10/12/2017,9.909999847
10/13/2017,9.609999656677246
10/16/2017,9.909999847
10/17/2017,10.31000042
10/18/2017,10.069999694824219
10/19/2017,10.050000190734863
10/20/2017,9.970000267028809
10/23/2017,11.069999694824219
10/24/2017,11.15999984741211
10/25/2017,11.229999542236328
10/26/2017,11.300000190734863
10/27/2017,9.800000190734863
10/30/2017,10.5
10/31/2017,10.180000305175781
11/1/2017,10.199999809265137
11/2/2017,9.930000305175781
11/3/2017,9.140000343322754
11/6/2017,9.399999618530273
11/7/2017,9.890000343322754
11/8/2017,9.779999732971191
11/9/2017,10.5
11/10/2017,11.289999961853027
11/13/2017,11.5
11/14/2017,11.59000015258789
11/15/2017,13.130000114440918
11/16/2017,11.760000228881836
11/17/2017,11.430000305175781
11/20/2017,10.649999618530273
11/21/2017,9.729999542236328
11/22/2017,9.880000114440918
11/24/2017,9.670000076293945
11/27/2017,9.869999885559082
11/28/2017,10.029999732971191
11/29/2017,10.699999809265137
11/30/2017,11.279999732971191
12/1/2017,11.430000305175781
12/4/2017,11.680000305175781
12/5/2017,11.329999923706055
12/6/2017,11.020000457763672
12/7/2017,10.15999984741211
12/8/2017,9.579999923706055
12/11/2017,9.340000153
12/12/2017,9.920000076293945
12/13/2017,10.180000305175781
12/14/2017,10.489999771118164
12/15/2017,9.420000076293945
12/18/2017,9.529999732971191
12/19/2017,10.029999732971191
12/20/2017,9.720000267028809
12/21/2017,9.619999885559082
12/22/2017,9.899999618530273
12/26/2017,10.25
12/27/2017,10.470000267028809
12/28/2017,10.180000305175781
12/29/2017,11.039999961853027
1/2/2018,9.770000457763672
1/3/2018,9.149999618530273
1/4/2018,9.220000267028809
1/5/2018,9.220000267028809
1/8/2018,9.520000457763672
1/9/2018,10.079999923706055
1/10/2018,9.819999694824219
1/11/2018,9.880000114440918
1/12/2018,10.15999984741211
1/16/2018,11.65999984741211
1/17/2018,11.90999984741211
1/18/2018,12.220000267028809
1/19/2018,11.270000457763672
1/22/2018,11.029999732971191
1/23/2018,11.100000381469727
1/24/2018,11.470000267028809
1/25/2018,11.579999923706055
1/26/2018,11.079999923706055
1/29/2018,13.84000015258789
1/30/2018,14.789999961853027
1/31/2018,13.539999961853027
2/1/2018,13.470000267028809
2/2/2018,17.309999465942383
2/5/2018,37.31999969482422
2/6/2018,29.979999542236328
2/7/2018,27.729999542236328
2/8/2018,33.459999084472656
2/9/2018,29.059999465942383
2/12/2018,25.610000610351562
2/13/2018,24.969999313354492
2/14/2018,19.260000228881836
2/15/2018,19.12999916
2/16/2018,19.459999084472656
2/20/2018,20.600000381469727
2/21/2018,20.020000457763672
2/22/2018,18.719999313354492
2/23/2018,16.489999771118164
2/26/2018,15.800000190734863
2/27/2018,18.59000015258789
2/28/2018,19.850000381469727
3/1/2018,22.469999313354492
3/2/2018,19.59000015258789
3/5/2018,18.729999542236328
3/6/2018,18.360000610351562
3/7/2018,17.760000228881836
3/8/2018,16.540000915527344
3/9/2018,14.640000343322754
3/12/2018,15.779999732971191
3/13/2018,16.350000381469727
3/14/2018,17.229999542236328
3/15/2018,16.59000015258789
3/16/2018,15.800000190734863
3/19/2018,19.020000457763672
3/20/2018,18.200000762939453
3/21/2018,17.860000610351562
3/22/2018,23.34000015258789
3/23/2018,24.87000084
3/26/2018,21.030000686645508
3/27/2018,22.5
3/28/2018,22.87000084
3/29/2018,19.969999313354492
4/2/2018,23.62000084
4/3/2018,21.100000381469727
4/4/2018,20.059999465942383
4/5/2018,18.940000534057617
4/6/2018,21.489999771118164
4/9/2018,21.770000457763672
4/10/2018,20.469999313354492
4/11/2018,20.239999771118164
4/12/2018,18.489999771118164
4/13/2018,17.40999984741211
4/16/2018,16.559999465942383
4/17/2018,15.25
4/18/2018,15.600000381469727
4/19/2018,15.960000038146973
4/20/2018,16.87999916
4/23/2018,16.34000015258789
4/24/2018,18.020000457763672
4/25/2018,17.84000015258789
4/26/2018,16.239999771118164
4/27/2018,15.40999984741211
4/30/2018,15.930000305175781
5/1/2018,15.489999771118164
5/2/2018,15.970000267028809
5/3/2018,15.899999618530273
5/4/2018,14.770000457763672
5/7/2018,14.75
5/8/2018,14.710000038146973
5/9/2018,13.420000076293945
5/10/2018,13.229999542236328
5/11/2018,12.649999618530273
5/14/2018,12.930000305175781
5/15/2018,14.630000114440918
5/16/2018,13.420000076293945
5/17/2018,13.430000305175781
5/18/2018,13.420000076293945
5/21/2018,13.079999923706055
5/22/2018,13.220000267028809
5/23/2018,12.579999923706055
5/24/2018,12.529999732971191
5/25/2018,13.220000267028809
5/29/2018,17.020000457763672
5/30/2018,14.93999958
5/31/2018,15.430000305175781
6/1/2018,13.460000038146973
6/4/2018,12.739999771118164
6/5/2018,12.399999618530273
6/6/2018,11.640000343322754
6/7/2018,12.130000114440918
6/8/2018,12.180000305175781
6/11/2018,12.350000381469727
6/12/2018,12.34000015258789
6/13/2018,12.93999958
6/14/2018,12.119999885559082
6/15/2018,11.979999542236328
6/18/2018,12.31000042
6/19/2018,13.350000381469727
6/20/2018,12.789999961853027
6/21/2018,14.640000343322754
6/22/2018,13.770000457763672
6/25/2018,17.329999923706055
6/26/2018,15.920000076293945
6/27/2018,17.90999984741211
6/28/2018,16.850000381469727
6/29/2018,16.09000015258789
7/2/2018,15.600000381469727
7/3/2018,16.139999389648438
7/5/2018,14.970000267028809
7/6/2018,13.369999885559082
7/9/2018,12.68999958
7/10/2018,12.640000343322754
7/11/2018,13.630000114440918
7/12/2018,12.579999923706055
7/13/2018,12.180000305175781
7/16/2018,12.829999923706055
7/17/2018,12.06000042
7/18/2018,12.100000381469727
7/19/2018,12.869999885559082
7/20/2018,12.859999656677246
7/23/2018,12.619999885559082
7/24/2018,12.40999984741211
7/25/2018,12.289999961853027
7/26/2018,12.140000343322754
7/27/2018,13.029999732971191
7/30/2018,14.260000228881836
7/31/2018,12.829999923706055
8/1/2018,13.149999618530273
8/2/2018,12.18999958
8/3/2018,11.640000343322754
8/6/2018,11.270000457763672
8/7/2018,10.930000305175781
8/8/2018,10.850000381469727
8/9/2018,11.270000457763672
8/10/2018,13.15999984741211
8/13/2018,14.779999732971191
8/14/2018,13.31000042
8/15/2018,14.640000343322754
8/16/2018,13.449999809265137
8/17/2018,12.640000343322754
8/20/2018,12.489999771118164
8/21/2018,12.859999656677246
8/22/2018,12.25
8/23/2018,12.40999984741211
8/24/2018,11.989999771118164
8/27/2018,12.15999984741211
8/28/2018,12.5
8/29/2018,12.25
8/30/2018,13.529999732971191
8/31/2018,12.859999656677246
9/4/2018,13.15999984741211
9/5/2018,13.90999984741211
9/6/2018,14.649999618530273
9/7/2018,14.880000114440918
9/10/2018,14.15999984741211
9/11/2018,13.220000267028809
9/12/2018,13.140000343322754
9/13/2018,12.369999885559082
9/14/2018,12.069999694824219
9/17/2018,13.680000305175781
9/18/2018,12.789999961853027
9/19/2018,11.75
9/20/2018,11.800000190734863
9/21/2018,11.680000305175781
9/24/2018,12.199999809265137
9/25/2018,12.420000076293945
9/26/2018,12.890000343322754
9/27/2018,12.40999984741211
9/28/2018,12.119999885559082
10/1/2018,12
10/2/2018,12.050000190734863
10/3/2018,11.609999656677246
10/4/2018,14.220000267028809
10/5/2018,14.819999694824219
10/8/2018,15.68999958
10/9/2018,15.949999809265137
10/10/2018,22.959999084472656
10/11/2018,24.979999542236328
10/12/2018,21.309999465942383
10/15/2018,21.299999237060547
10/16/2018,17.62000084
10/17/2018,17.399999618530273
10/18/2018,20.059999465942383
10/19/2018,19.889999389648438
10/22/2018,19.639999389648438
10/23/2018,20.709999084472656
10/24/2018,25.229999542236328
10/25/2018,24.219999313354492
10/26/2018,24.15999984741211
10/29/2018,24.700000762939453
10/30/2018,23.350000381469727
10/31/2018,21.229999542236328
11/1/2018,19.34000015258789
11/2/2018,19.510000228881836
11/5/2018,19.959999084472656
11/6/2018,19.90999984741211
11/7/2018,16.360000610351562
11/8/2018,16.719999313354492
11/9/2018,17.360000610351562
11/12/2018,20.450000762939453
11/13/2018,20.020000457763672
11/14/2018,21.25
11/15/2018,19.979999542236328
11/16/2018,18.139999389648438
11/19/2018,20.100000381469727
11/20/2018,22.479999542236328
11/21/2018,20.799999237060547
11/23/2018,21.520000457763672
11/26/2018,18.899999618530273
11/27/2018,19.020000457763672
11/28/2018,18.489999771118164
11/29/2018,18.790000915527344
11/30/2018,18.06999969482422
12/3/2018,16.440000534057617
12/4/2018,20.739999771118164
12/6/2018,21.190000534057617
12/7/2018,23.229999542236328
12/10/2018,22.639999389648438
12/11/2018,21.760000228881836
12/12/2018,21.459999084472656
12/13/2018,20.649999618530273
12/14/2018,21.62999916
12/17/2018,24.520000457763672
12/18/2018,25.579999923706055
12/19/2018,25.579999923706055
12/20/2018,28.37999916
12/21/2018,30.110000610351562
12/24/2018,36.06999969482422
12/26/2018,30.40999984741211
12/27/2018,29.959999084472656
12/28/2018,28.34000015258789
12/31/2018,25.420000076293945
1/2/2019,23.219999313354492
1/3/2019,25.450000762939453
1/4/2019,21.37999916
1/7/2019,21.399999618530273
1/8/2019,20.469999313354492
1/9/2019,19.979999542236328
1/10/2019,19.5
1/11/2019,18.190000534057617
1/14/2019,19.06999969482422
1/15/2019,18.600000381469727
1/16/2019,19.040000915527344
1/17/2019,18.059999465942383
1/18/2019,17.799999237060547
1/22/2019,20.799999237060547
1/23/2019,19.520000457763672
1/24/2019,18.889999389648438
1/25/2019,17.420000076293945
1/28/2019,18.87000084
1/29/2019,19.12999916
1/30/2019,17.65999984741211
1/31/2019,16.56999969482422
2/1/2019,16.139999389648438
2/4/2019,15.729999542236328
2/5/2019,15.569999694824219
2/6/2019,15.380000114440918
2/7/2019,16.37000084
2/8/2019,15.720000267028809
2/11/2019,15.970000267028809
2/12/2019,15.430000305175781
2/13/2019,15.649999618530273
2/14/2019,16.219999313354492
2/15/2019,14.90999984741211
2/19/2019,14.880000114440918
2/20/2019,14.020000457763672
2/21/2019,14.460000038146973
2/22/2019,13.510000228881836
2/25/2019,14.850000381469727
2/26/2019,15.170000076293945
2/27/2019,14.699999809265137
2/28/2019,14.779999732971191
3/1/2019,13.569999694824219
3/4/2019,14.630000114440918
3/5/2019,14.739999771118164
3/6/2019,15.739999771118164
3/7/2019,16.59000015258789
3/8/2019,16.049999237060547
3/11/2019,14.329999923706055
3/12/2019,13.770000457763672
3/13/2019,13.40999984741211
3/14/2019,13.5
3/15/2019,12.880000114440918
3/18/2019,13.100000381469727
3/19/2019,13.56000042
3/20/2019,13.90999984741211
3/21/2019,13.630000114440918
3/22/2019,16.479999542236328
3/25/2019,16.329999923706055
3/26/2019,14.680000305175781
3/27/2019,15.149999618530273
3/28/2019,14.430000305175781
3/29/2019,13.710000038146973
4/1/2019,13.399999618530273
4/2/2019,13.359999656677246
4/3/2019,13.739999771118164
4/4/2019,13.579999923706055
4/5/2019,12.819999694824219
4/8/2019,13.180000305175781
4/9/2019,14.279999732971191
4/10/2019,13.300000190734863
4/11/2019,13.020000457763672
4/12/2019,12.010000228881836
4/15/2019,12.319999694824219
4/16/2019,12.180000305175781
4/17/2019,12.600000381469727
4/18/2019,12.09000015258789
4/22/2019,12.420000076293945
4/23/2019,12.279999732971191
4/24/2019,13.140000343322754
4/25/2019,13.25
4/26/2019,12.729999542236328
4/29/2019,13.109999656677246
4/30/2019,13.119999885559082
5/1/2019,14.800000190734863
5/2/2019,14.420000076293945
5/3/2019,12.869999885559082
5/6/2019,15.43999958
5/7/2019,19.31999969482422
5/8/2019,19.399999618530273
5/9/2019,19.100000381469727
5/10/2019,16.040000915527344
5/13/2019,20.549999237060547
5/14/2019,18.059999465942383
5/15/2019,16.440000534057617
5/16/2019,15.289999961853027
5/17/2019,15.960000038146973
5/20/2019,16.309999465942383
5/21/2019,14.949999809265137
5/22/2019,14.75
5/23/2019,16.920000076293945
5/24/2019,15.850000381469727
5/28/2019,17.5
5/29/2019,17.899999618530273
5/30/2019,17.299999237060547
5/31/2019,18.709999084472656
6/3/2019,18.860000610351562
6/4/2019,16.969999313354492
6/5/2019,16.09000015258789
6/6/2019,15.930000305175781
6/7/2019,16.299999237060547
6/10/2019,15.93999958
6/11/2019,15.989999771118164
6/12/2019,15.90999984741211
6/13/2019,15.819999694824219
6/14/2019,15.279999732971191
6/17/2019,15.350000381469727
6/18/2019,15.149999618530273
6/19/2019,14.329999923706055
6/20/2019,14.75
6/21/2019,15.399999618530273
6/24/2019,15.260000228881836
6/25/2019,16.280000686645508
6/26/2019,16.209999084472656
6/27/2019,15.819999694824219
6/28/2019,15.079999923706055
7/1/2019,14.06000042
7/2/2019,12.930000305175781
7/3/2019,12.569999694824219
7/5/2019,13.279999732971191
7/8/2019,13.960000038146973
7/9/2019,14.09000015258789
7/10/2019,13.029999732971191
7/11/2019,12.930000305175781
7/12/2019,12.390000343322754
7/15/2019,12.680000305175781
7/16/2019,12.859999656677246
7/17/2019,13.970000267028809
7/18/2019,13.529999732971191
7/19/2019,14.449999809265137
7/22/2019,13.529999732971191
7/23/2019,12.609999656677246
7/24/2019,12.069999694824219
7/25/2019,12.739999771118164
7/26/2019,12.15999984741211
7/29/2019,12.829999923706055
7/30/2019,13.93999958
7/31/2019,16.12000084
8/1/2019,17.87000084
8/2/2019,17.610000610351562
8/5/2019,24.59000015258789
8/6/2019,20.170000076293945
8/7/2019,19.489999771118164
8/8/2019,16.90999984741211
8/9/2019,17.969999313354492
8/12/2019,21.09000015258789
8/13/2019,17.520000457763672
8/14/2019,22.100000381469727
8/15/2019,21.18000030517578
8/16/2019,18.469999313354492
8/19/2019,16.87999916
8/20/2019,17.5
8/21/2019,15.800000190734863
8/22/2019,16.68000030517578
8/23/2019,19.87000084
8/26/2019,19.31999969482422
8/27/2019,20.309999465942383
8/28/2019,19.350000381469727
8/29/2019,17.87999916
8/30/2019,18.979999542236328
9/3/2019,19.65999984741211
9/4/2019,17.329999923706055
9/5/2019,16.270000457763672
9/6/2019,15
9/9/2019,15.270000457763672
9/10/2019,15.199999809265137
9/11/2019,14.609999656677246
9/12/2019,14.220000267028809
9/13/2019,13.739999771118164
9/16/2019,14.670000076293945
9/17/2019,14.43999958
9/18/2019,13.949999809265137
9/19/2019,14.050000190734863
9/20/2019,15.319999694824219
9/23/2019,14.90999984741211
9/24/2019,17.049999237060547
9/25/2019,15.960000038146973
9/26/2019,16.06999969482422
9/27/2019,17.219999313354492
9/30/2019,16.239999771118164
10/1/2019,18.559999465942383
10/2/2019,20.559999465942383
10/3/2019,19.12000084
10/4/2019,17.040000915527344
10/7/2019,17.860000610351562
10/8/2019,20.280000686645508
10/9/2019,18.639999389648438
10/10/2019,17.56999969482422
10/11/2019,15.579999923706055
10/14/2019,14.569999694824219
10/15/2019,13.539999961853027
10/16/2019,13.680000305175781
10/17/2019,13.789999961853027
10/18/2019,14.25
10/21/2019,14
10/22/2019,14.460000038146973
10/23/2019,14.010000228881836
10/24/2019,13.710000038146973
10/25/2019,12.649999618530273
10/28/2019,13.109999656677246
10/29/2019,13.199999809265137
10/30/2019,12.329999923706055
10/31/2019,13.220000267028809
11/1/2019,12.300000190734863
11/4/2019,12.829999923706055
11/5/2019,13.100000381469727
11/6/2019,12.619999885559082
11/7/2019,12.729999542236328
11/8/2019,12.069999694824219
11/11/2019,12.68999958
11/12/2019,12.680000305175781
11/13/2019,13
11/14/2019,13.050000190734863
11/15/2019,12.050000190734863
11/18/2019,12.460000038146973
11/19/2019,12.859999656677246
11/20/2019,12.779999732971191
11/21/2019,13.130000114440918
11/22/2019,12.34000015258789
11/25/2019,11.869999885559082
11/26/2019,11.539999961853027
11/27/2019,11.75
11/29/2019,12.619999885559082
12/2/2019,14.90999984741211
12/3/2019,15.960000038146973
12/4/2019,14.800000190734863
12/5/2019,14.520000457763672
12/6/2019,13.619999885559082
12/9/2019,15.859999656677246
12/10/2019,15.680000305175781
12/11/2019,14.989999771118164
12/12/2019,13.93999958
12/13/2019,12.630000114440918
12/16/2019,12.140000343322754
12/17/2019,12.289999961853027
12/18/2019,12.579999923706055
12/19/2019,12.5
12/20/2019,12.510000228881836
12/23/2019,12.609999656677246
12/24/2019,12.670000076293945
12/26/2019,12.649999618530273
12/27/2019,13.430000305175781
12/30/2019,14.819999694824219
12/31/2019,13.779999732971191
1/2/2020,12.470000267028809
1/3/2020,14.020000457763672
1/6/2020,13.850000381469727
1/7/2020,13.789999961853027
1/8/2020,13.449999809265137
1/9/2020,12.539999961853027
1/10/2020,12.56000042
1/13/2020,12.319999694824219
1/14/2020,12.390000343322754
1/15/2020,12.420000076293945
1/16/2020,12.319999694824219
1/17/2020,12.100000381469727
1/21/2020,12.850000381469727
1/22/2020,12.90999984741211
1/23/2020,12.979999542236328
1/24/2020,14.56000042
1/27/2020,18.229999542236328
1/28/2020,16.280000686645508
1/29/2020,16.389999389648438
1/30/2020,15.489999771118164
1/31/2020,18.84000015258789
2/3/2020,17.969999313354492
2/4/2020,16.049999237060547
2/5/2020,15.149999618530273
2/6/2020,14.960000038146973
2/7/2020,15.470000267028809
2/10/2020,15.039999961853027
2/11/2020,15.180000305175781
2/12/2020,13.739999771118164
2/13/2020,14.149999618530273
2/14/2020,13.680000305175781
2/18/2020,14.829999923706055
2/19/2020,14.380000114440918
2/20/2020,15.56000042
2/21/2020,17.079999923706055
2/24/2020,25.030000686645508
2/25/2020,27.850000381469727
2/26/2020,27.559999465942383
2/27/2020,39.15999984741211
2/28/2020,40.11000061035156
3/2/2020,33.41999816894531
3/3/2020,36.81999969482422
3/4/2020,31.989999771118164
3/5/2020,39.619998931884766
3/6/2020,41.939998626708984
3/9/2020,54.459999084472656
3/10/2020,47.29999923706055
3/11/2020,53.900001525878906
3/12/2020,75.47000122070312
3/13/2020,57.83000183105469
3/16/2020,82.69000244140625
3/17/2020,75.91000366210938
3/18/2020,76.44999694824219
3/19/2020,72
3/20/2020,66.04000091552734
3/23/2020,61.59000015258789
3/24/2020,61.66999816894531
3/25/2020,63.95000076293945
3/26/2020,61
3/27/2020,65.54000091552734
3/30/2020,57.08000183105469
3/31/2020,53.540000915527344
4/1/2020,57.060001373291016
4/2/2020,50.90999984741211
4/3/2020,46.79999923706055
4/6/2020,45.24000168
4/7/2020,46.70000076293945
4/8/2020,43.349998474121094
4/9/2020,41.66999816894531
4/13/2020,41.16999816894531
4/14/2020,37.75999832
4/15/2020,40.84000015258789
4/16/2020,40.11000061035156
4/17/2020,38.150001525878906
4/20/2020,43.83000183105469
4/21/2020,45.40999984741211
4/22/2020,41.97999954223633
4/23/2020,41.380001068115234
4/24/2020,35.93000030517578
4/27/2020,33.290000915527344
4/28/2020,33.56999969482422
4/29/2020,31.229999542236328
4/30/2020,34.150001525878906
5/1/2020,37.189998626708984
5/4/2020,35.970001220703125
5/5/2020,33.61000061035156
5/6/2020,34.119998931884766
5/7/2020,31.440000534057617
5/8/2020,27.979999542236328
5/11/2020,27.56999969482422
5/12/2020,33.040000915527344
5/13/2020,35.279998779296875
5/14/2020,32.61000061035156
5/15/2020,31.889999389648438
5/18/2020,29.299999237060547
5/19/2020,30.530000686645508
5/20/2020,27.989999771118164
5/21/2020,29.530000686645508
5/22/2020,28.15999984741211
5/26/2020,28.010000228881836
5/27/2020,27.62000084
5/28/2020,28.59000015258789
5/29/2020,27.510000228881836
6/1/2020,28.229999542236328
6/2/2020,26.84000015258789
6/3/2020,25.65999984741211
6/4/2020,25.809999465942383
6/5/2020,24.520000457763672
6/8/2020,25.809999465942383
6/9/2020,27.56999969482422
6/10/2020,27.56999969482422
6/11/2020,40.790000915527344
6/12/2020,36.09000015258789
6/15/2020,34.400001525878906
6/16/2020,33.66999816894531
6/17/2020,33.470001220703125
6/18/2020,32.939998626708984
6/19/2020,35.119998931884766
6/22/2020,31.770000457763672
6/23/2020,31.37000084
6/24/2020,33.84000015258789
6/25/2020,32.220001220703125
6/26/2020,34.72999954223633
6/29/2020,31.780000686645508
6/30/2020,30.43000030517578
7/1/2020,28.62000084
7/2/2020,27.68000030517578
7/6/2020,27.940000534057617
7/7/2020,29.43000030517578
7/8/2020,28.079999923706055
7/9/2020,29.260000228881836
7/10/2020,27.290000915527344
7/13/2020,32.189998626708984
7/14/2020,29.520000457763672
7/15/2020,27.760000228881836
7/16/2020,28
7/17/2020,25.68000030517578
7/20/2020,24.459999084472656
7/21/2020,24.84000015258789
7/22/2020,24.31999969482422
7/23/2020,26.079999923706055
7/24/2020,25.84000015258789
7/27/2020,24.739999771118164
7/28/2020,25.440000534057617
7/29/2020,24.100000381469727
7/30/2020,24.760000228881836
7/31/2020,24.459999084472656
8/3/2020,24.280000686645508
8/4/2020,23.760000228881836
8/5/2020,22.989999771118164
8/6/2020,22.649999618530273
8/7/2020,22.209999084472656
8/10/2020,22.12999916
8/11/2020,24.030000686645508
8/12/2020,22.280000686645508
8/13/2020,22.12999916
8/14/2020,22.049999237060547
8/17/2020,21.350000381469727
8/18/2020,21.510000228881836
8/19/2020,22.540000915527344
8/20/2020,22.719999313354492
8/21/2020,22.540000915527344
8/24/2020,22.37000084
8/25/2020,22.030000686645508
8/26/2020,23.270000457763672
8/27/2020,24.469999313354492
8/28/2020,22.959999084472656
8/31/2020,26.40999984741211
9/1/2020,26.12000084
9/2/2020,26.56999969482422
9/3/2020,33.599998474121094
9/4/2020,30.75
9/8/2020,31.459999084472656
9/9/2020,28.809999465942383
9/10/2020,29.709999084472656
9/11/2020,26.87000084
9/14/2020,25.850000381469727
9/15/2020,25.59000015258789
9/16/2020,26.040000915527344
9/17/2020,26.459999084472656
9/18/2020,25.829999923706055
9/21/2020,27.780000686645508
9/22/2020,26.860000610351562
9/23/2020,28.579999923706055
9/24/2020,28.510000228881836
9/25/2020,26.37999916
9/28/2020,26.190000534057617
9/29/2020,26.270000457763672
9/30/2020,26.37000084
10/1/2020,26.700000762939453
10/2/2020,27.62999916
10/5/2020,27.959999084472656
10/6/2020,29.479999542236328
10/7/2020,28.059999465942383
10/8/2020,26.360000610351562
10/9/2020,25
10/12/2020,25.06999969482422
10/13/2020,26.06999969482422
10/14/2020,26.399999618530273
10/15/2020,26.969999313354492
10/16/2020,27.40999984741211
10/19/2020,29.18000030517578
10/20/2020,29.350000381469727
10/21/2020,28.649999618530273
10/22/2020,28.110000610351562
10/23/2020,27.549999237060547
10/26/2020,32.459999084472656
10/27/2020,33.349998474121094
10/28/2020,40.279998779296875
10/29/2020,37.59000015258789
10/30/2020,38.02000045776367
11/2/2020,37.130001068115234
11/3/2020,35.54999923706055
11/4/2020,29.56999969482422
11/5/2020,27.579999923706055
11/6/2020,24.860000610351562
11/9/2020,25.75
11/10/2020,24.799999237060547
11/11/2020,23.450000762939453
11/12/2020,25.350000381469727
11/13/2020,23.100000381469727
11/16/2020,22.450000762939453
11/17/2020,22.709999084472656
11/18/2020,23.84000015258789
11/19/2020,23.110000610351562
11/20/2020,23.700000762939453
11/23/2020,22.65999984741211
11/24/2020,21.639999389648438
11/25/2020,21.25
11/27/2020,20.84000015258789
11/30/2020,20.56999969482422
12/1/2020,20.770000457763672
12/2/2020,21.170000076293945
12/3/2020,21.280000686645508
12/4/2020,20.790000915527344
12/7/2020,21.299999237060547
12/8/2020,20.68000030517578
12/9/2020,22.270000457763672
12/10/2020,22.520000457763672
12/11/2020,23.309999465942383
12/14/2020,24.719999313354492
12/15/2020,22.889999389648438
12/16/2020,22.5
12/17/2020,21.93000030517578
12/18/2020,21.56999969482422
12/21/2020,25.15999984741211
12/22/2020,24.229999542236328
12/23/2020,23.309999465942383
12/24/2020,21.530000686645508
12/28/2020,21.700000762939453
12/29/2020,23.079999923706055
12/30/2020,22.770000457763672
12/31/2020,22.75
1/4/2021,26.969999313354492
1/5/2021,25.34000015258789
1/6/2021,25.06999969482422
1/7/2021,22.37000084
1/8/2021,21.559999465942383
1/11/2021,24.079999923706055
1/12/2021,23.329999923706055
1/13/2021,22.209999084472656
1/14/2021,23.25
1/15/2021,24.34000015258789
1/19/2021,23.239999771118164
1/20/2021,21.579999923706055
1/21/2021,21.31999969482422
1/22/2021,21.90999984741211
1/25/2021,23.190000534057617
1/26/2021,23.020000457763672
1/27/2021,37.209999084472656
1/28/2021,30.209999084472656
1/29/2021,33.09000015258789
2/1/2021,30.239999771118164
2/2/2021,25.559999465942383
2/3/2021,22.90999984741211
2/4/2021,21.770000457763672
2/5/2021,20.87000084
2/8/2021,21.239999771118164
2/9/2021,21.62999916
2/10/2021,21.989999771118164
2/11/2021,21.25
2/12/2021,19.969999313354492
2/16/2021,21.459999084472656
2/17/2021,21.5
2/18/2021,22.489999771118164
2/19/2021,22.049999237060547
2/22/2021,23.450000762939453
2/23/2021,23.110000610351562
2/24/2021,21.34000015258789
2/25/2021,28.889999389648438
2/26/2021,27.950000762939453
3/1/2021,23.350000381469727
3/2/2021,24.100000381469727
3/3/2021,26.670000076293945
3/4/2021,28.56999969482422
3/5/2021,24.65999984741211
3/8/2021,25.469999313354492
3/9/2021,24.030000686645508
3/10/2021,22.559999465942383
3/11/2021,21.90999984741211
3/12/2021,20.690000534057617
3/15/2021,20.030000686645508
3/16/2021,19.790000915527344
3/17/2021,19.229999542236328
3/18/2021,21.579999923706055
3/19/2021,20.950000762939453
3/22/2021,18.87999916
3/23/2021,20.299999237060547
3/24/2021,21.200000762939453
3/25/2021,19.809999465942383
3/26/2021,18.860000610351562
3/29/2021,20.739999771118164
3/30/2021,19.610000610351562
3/31/2021,19.399999618530273
4/1/2021,17.329999923706055
4/5/2021,17.90999984741211
4/6/2021,18.12000084
4/7/2021,17.15999984741211
4/8/2021,16.950000762939453
4/9/2021,16.690000534057617
4/12/2021,16.90999984741211
4/13/2021,16.649999618530273
4/14/2021,16.989999771118164
4/15/2021,16.56999969482422
4/16/2021,16.25
4/19/2021,17.290000915527344
4/20/2021,18.68000030517578
4/21/2021,17.5
4/22/2021,18.709999084472656
4/23/2021,17.329999923706055
4/26/2021,17.639999389648438
4/27/2021,17.559999465942383
4/28/2021,17.280000686645508
4/29/2021,17.610000610351562
4/30/2021,18.610000610351562
5/3/2021,18.309999465942383
5/4/2021,19.479999542236328
5/5/2021,19.149999618530273
5/6/2021,18.389999389648438
5/7/2021,16.690000534057617
5/10/2021,19.65999984741211
5/11/2021,21.84000015258789
5/12/2021,27.59000015258789
5/13/2021,23.12999916
5/14/2021,18.809999465942383
5/17/2021,19.719999313354492
5/18/2021,21.34000015258789
5/19/2021,22.18000030517578
5/20/2021,20.670000076293945
5/21/2021,20.149999618530273
5/24/2021,18.399999618530273
5/25/2021,18.84000015258789
5/26/2021,17.360000610351562
5/27/2021,16.739999771118164
5/28/2021,16.760000228881836
6/1/2021,17.899999618530273
6/2/2021,17.479999542236328
6/3/2021,18.040000915527344
6/4/2021,16.420000076293945
6/7/2021,16.420000076293945
6/8/2021,17.06999969482422
6/9/2021,17.889999389648438
6/10/2021,16.100000381469727
6/11/2021,15.649999618530273
6/14/2021,16.389999389648438
6/15/2021,17.020000457763672
6/16/2021,18.149999618530273
6/17/2021,17.75
6/18/2021,20.700000762939453
6/21/2021,17.889999389648438
6/22/2021,16.65999984741211
6/23/2021,16.31999969482422
6/24/2021,15.970000267028809
6/25/2021,15.619999885559082
6/28/2021,15.760000228881836
6/29/2021,16.020000457763672
6/30/2021,15.829999923706055
7/1/2021,15.479999542236328
7/2/2021,15.069999694824219
7/6/2021,16.440000534057617
7/7/2021,16.200000762939453
7/8/2021,19
7/9/2021,16.18000030517578
7/12/2021,16.170000076293945
7/13/2021,17.12000084
7/14/2021,16.329999923706055
7/15/2021,17.010000228881836
7/16/2021,18.450000762939453
7/19/2021,22.5
7/20/2021,19.729999542236328
7/21/2021,17.90999984741211
7/22/2021,17.690000534057617
7/23/2021,17.200000762939453
7/26/2021,17.579999923706055
7/27/2021,19.360000610351562
7/28/2021,18.309999465942383
7/29/2021,17.700000762939453
7/30/2021,18.239999771118164
8/2/2021,19.459999084472656
8/3/2021,18.040000915527344
8/4/2021,17.969999313354492
8/5/2021,17.280000686645508
8/6/2021,16.149999618530273
8/9/2021,16.719999313354492
8/10/2021,16.790000915527344
8/11/2021,16.170000076293945
8/12/2021,15.59000015258789
8/13/2021,15.449999809265137
8/16/2021,16.12000084
8/17/2021,17.90999984741211
8/18/2021,21.56999969482422
8/19/2021,21.670000076293945
8/20/2021,18.559999465942383
8/23/2021,17.149999618530273
8/24/2021,17.219999313354492
8/25/2021,16.790000915527344
8/26/2021,18.84000015258789
8/27/2021,16.389999389648438
8/30/2021,16.190000534057617
8/31/2021,16.479999542236328
9/1/2021,16.110000610351562
9/2/2021,16.40999984741211
9/3/2021,16.40999984741211
9/7/2021,18.139999389648438
9/8/2021,17.959999084472656
9/9/2021,18.799999237060547
9/10/2021,20.950000762939453
9/13/2021,19.37000084
9/14/2021,19.459999084472656
9/15/2021,18.18000030517578
9/16/2021,18.690000534057617
9/17/2021,20.809999465942383
9/20/2021,25.709999084472656
9/21/2021,24.360000610351562
9/22/2021,20.87000084
9/23/2021,18.62999916
9/24/2021,17.75
9/27/2021,18.760000228881836
9/28/2021,23.25
9/29/2021,22.559999465942383
9/30/2021,23.139999389648438
10/1/2021,21.100000381469727
10/4/2021,22.959999084472656
10/5/2021,21.299999237060547
10/6/2021,21
10/7/2021,19.540000915527344
10/8/2021,18.770000457763672
10/11/2021,20
10/12/2021,19.850000381469727
10/13/2021,18.639999389648438
10/14/2021,16.860000610351562
10/15/2021,16.299999237060547
10/18/2021,16.309999465942383
10/19/2021,15.699999809265137
10/20/2021,15.489999771118164
10/21/2021,15.010000228881836
10/22/2021,15.430000305175781
10/25/2021,15.239999771118164
10/26/2021,15.979999542236328
10/27/2021,16.979999542236328
10/28/2021,16.530000686645508
10/29/2021,16.260000228881836
11/1/2021,16.40999984741211
11/2/2021,16.030000686645508
11/3/2021,15.100000381469727
11/4/2021,15.43999958
11/5/2021,16.479999542236328
11/8/2021,17.219999313354492
11/9/2021,17.780000686645508
11/10/2021,18.729999542236328
11/11/2021,17.65999984741211
11/12/2021,16.290000915527344
11/15/2021,16.489999771118164
11/16/2021,16.37000084
11/17/2021,17.110000610351562
11/18/2021,17.59000015258789
11/19/2021,17.90999984741211
11/22/2021,19.170000076293945
11/23/2021,19.37999916
11/24/2021,18.579999923706055
11/26/2021,28.62000084
11/29/2021,22.959999084472656
11/30/2021,27.190000534057617
12/1/2021,31.12000084
12/2/2021,27.950000762939453
12/3/2021,30.670000076293945
12/6/2021,27.18000030517578
12/7/2021,21.889999389648438
12/8/2021,19.899999618530273
12/9/2021,21.579999923706055
12/10/2021,18.690000534057617
12/13/2021,20.309999465942383
12/14/2021,21.889999389648438
12/15/2021,19.290000915527344
12/16/2021,20.56999969482422
12/17/2021,21.56999969482422
12/20/2021,22.87000084
12/21/2021,21.010000228881836
12/22/2021,18.62999916
12/23/2021,17.959999084472656
12/27/2021,17.68000030517578
12/28/2021,17.540000915527344
12/29/2021,16.950000762939453
12/30/2021,17.329999923706055
12/31/2021,17.219999313354492
1/3/2022,16.600000381469727
1/4/2022,16.90999984741211
1/5/2022,19.729999542236328
1/6/2022,19.610000610351562
1/7/2022,18.760000228881836
1/10/2022,19.399999618530273
1/11/2022,18.40999984741211
1/12/2022,17.62000084
1/13/2022,20.309999465942383
1/14/2022,19.190000534057617
1/18/2022,22.790000915527344
1/19/2022,23.850000381469727
1/20/2022,25.59000015258789
1/21/2022,28.850000381469727
1/24/2022,29.899999618530273
1/25/2022,31.15999984741211
1/26/2022,31.959999084472656
1/27/2022,30.489999771118164
1/28/2022,27.65999984741211
1/31/2022,24.829999923706055
2/1/2022,21.959999084472656
2/2/2022,22.09000015258789
2/3/2022,24.350000381469727
2/4/2022,23.219999313354492
2/7/2022,22.860000610351562
2/8/2022,21.440000534057617
2/9/2022,19.959999084472656
2/10/2022,23.90999984741211
2/11/2022,27.360000610351562
2/14/2022,28.329999923706055
2/15/2022,25.700000762939453
2/16/2022,24.290000915527344
2/17/2022,28.110000610351562
2/18/2022,27.75
2/22/2022,28.809999465942383
2/23/2022,31.020000457763672
2/24/2022,30.31999969482422
2/25/2022,27.59000015258789
2/28/2022,30.149999618530273
3/1/2022,33.31999969482422
3/2/2022,30.739999771118164
3/3/2022,30.479999542236328
3/4/2022,31.979999542236328
3/7/2022,36.45000076293945
3/8/2022,35.130001068115234
3/9/2022,32.45000076293945
3/10/2022,30.229999542236328
3/11/2022,30.75
3/14/2022,31.770000457763672
3/15/2022,29.829999923706055
3/16/2022,26.670000076293945
3/17/2022,25.670000076293945
3/18/2022,23.87000084
3/21/2022,23.530000686645508
3/22/2022,22.940000534057617
3/23/2022,23.56999969482422
3/24/2022,21.670000076293945
3/25/2022,20.809999465942383
3/28/2022,19.62999916
3/29/2022,18.899999618530273
3/30/2022,19.329999923706055
3/31/2022,20.559999465942383
4/1/2022,19.62999916
4/4/2022,18.56999969482422
4/5/2022,21.030000686645508
4/6/2022,22.100000381469727
4/7/2022,21.549999237060547
4/8/2022,21.15999984741211
4/11/2022,24.37000084
4/12/2022,24.260000228881836
4/13/2022,21.81999969482422
4/14/2022,22.700000762939453
4/18/2022,22.170000076293945
4/19/2022,21.37000084
4/20/2022,20.31999969482422
4/21/2022,22.68000030517578
4/22/2022,28.209999084472656
4/25/2022,27.020000457763672
4/26/2022,33.52000045776367
4/27/2022,31.600000381469727
4/28/2022,29.989999771118164
4/29/2022,33.400001525878906
5/2/2022,32.34000015258789
5/3/2022,29.25
5/4/2022,25.420000076293945
5/5/2022,31.200000762939453
5/6/2022,30.190000534057617
5/9/2022,34.75
5/10/2022,32.99000168
5/11/2022,32.560001373291016
5/12/2022,31.770000457763672
5/13/2022,28.87000084
5/16/2022,27.469999313354492
5/17/2022,26.100000381469727
5/18/2022,30.959999084472656
5/19/2022,29.350000381469727
5/20/2022,29.43000030517578
5/23/2022,28.479999542236328
5/24/2022,29.450000762939453
5/25/2022,28.37000084
5/26/2022,27.5
5/27/2022,25.719999313354492
5/31/2022,26.190000534057617
6/1/2022,25.690000534057617
6/2/2022,24.719999313354492
6/3/2022,24.790000915527344
6/6/2022,25.06999969482422
6/7/2022,24.020000457763672
6/8/2022,23.959999084472656
6/9/2022,26.09000015258789
6/10/2022,27.75
6/13/2022,34.02000045776367
6/14/2022,32.689998626708984
6/15/2022,29.62000084
6/16/2022,32.95000076293945
6/17/2022,31.12999916
6/21/2022,30.190000534057617
6/22/2022,28.950000762939453
6/23/2022,29.049999237060547
6/24/2022,27.229999542236328
6/27/2022,26.950000762939453
6/28/2022,28.360000610351562
6/29/2022,28.15999984741211
6/30/2022,28.709999084472656
7/1/2022,26.700000762939453
7/5/2022,27.540000915527344
7/6/2022,26.729999542236328
7/7/2022,26.079999923706055
7/8/2022,24.639999389648438
7/11/2022,26.170000076293945
7/12/2022,27.290000915527344
7/13/2022,26.81999969482422
7/14/2022,26.399999618530273
7/15/2022,24.229999542236328
7/18/2022,25.299999237060547
7/19/2022,24.5
7/20/2022,23.87999916
7/21/2022,23.110000610351562
7/22/2022,23.030000686645508
7/25/2022,23.360000610351562
7/26/2022,24.690000534057617
7/27/2022,23.239999771118164
7/28/2022,22.329999923706055
7/29/2022,21.329999923706055
8/1/2022,22.84000015258789
8/2/2022,23.93000030517578
8/3/2022,21.950000762939453
8/4/2022,21.440000534057617
8/5/2022,21.149999618530273
8/8/2022,21.290000915527344
8/9/2022,21.770000457763672
8/10/2022,19.739999771118164
8/11/2022,20.200000762939453
8/12/2022,19.530000686645508
8/15/2022,19.950000762939453
8/16/2022,19.690000534057617
8/17/2022,19.899999618530273
8/18/2022,19.559999465942383
8/19/2022,20.600000381469727
8/22/2022,23.799999237060547
8/23/2022,24.110000610351562
8/24/2022,22.81999969482422
8/25/2022,21.780000686645508
8/26/2022,25.559999465942383
8/29/2022,26.209999084472656
8/30/2022,26.209999084472656
8/31/2022,25.87000084
9/1/2022,25.559999465942383
9/2/2022,25.469999313354492
9/6/2022,26.90999984741211
9/7/2022,24.639999389648438
9/8/2022,23.610000610351562
9/9/2022,22.790000915527344
9/12/2022,23.87000084
9/13/2022,27.270000457763672
9/14/2022,26.15999984741211
9/15/2022,26.270000457763672
9/16/2022,26.299999237060547
9/19/2022,25.760000228881836
9/20/2022,27.15999984741211
9/21/2022,27.989999771118164
9/22/2022,27.350000381469727
9/23/2022,29.920000076293945
9/26/2022,32.25999832
9/27/2022,32.599998474121094
9/28/2022,30.18000030517578
9/29/2022,31.84000015258789
9/30/2022,31.62000084
10/3/2022,30.100000381469727
10/4/2022,29.06999969482422
10/5/2022,28.549999237060547
10/6/2022,30.520000457763672
10/7/2022,31.360000610351562
10/10/2022,32.45000076293945
10/11/2022,33.630001068115234
10/12/2022,33.56999969482422
10/13/2022,31.940000534057617
10/14/2022,32.02000045776367
10/17/2022,31.37000084
10/18/2022,30.5
10/19/2022,30.760000228881836
10/20/2022,29.979999542236328
10/21/2022,29.690000534057617
10/24/2022,29.850000381469727
10/25/2022,28.459999084472656
10/26/2022,27.280000686645508
10/27/2022,27.389999389648438
10/28/2022,25.75
10/31/2022,25.87999916
11/1/2022,25.809999465942383
11/2/2022,25.860000610351562
11/3/2022,25.299999237060547
11/4/2022,24.549999237060547
11/7/2022,24.350000381469727
11/8/2022,25.540000915527344
11/9/2022,26.09000015258789
11/10/2022,23.530000686645508
11/11/2022,22.520000457763672
11/14/2022,23.729999542236328
11/15/2022,24.540000915527344
11/16/2022,24.110000610351562
11/17/2022,23.93000030517578
11/18/2022,23.12000084
11/21/2022,22.360000610351562
11/22/2022,21.290000915527344
11/23/2022,20.350000381469727
11/25/2022,20.5
11/28/2022,22.209999084472656
11/29/2022,21.889999389648438
11/30/2022,20.579999923706055
12/1/2022,19.84000015258789
12/2/2022,19.059999465942383
12/5/2022,20.75
12/6/2022,22.170000076293945
12/7/2022,22.68000030517578
12/8/2022,22.290000915527344
12/9/2022,22.829999923706055
12/12/2022,25
12/13/2022,22.549999237060547
12/14/2022,21.139999389648438
12/15/2022,22.829999923706055
12/16/2022,22.62000084
12/19/2022,22.420000076293945
12/20/2022,21.479999542236328
12/21/2022,20.06999969482422
12/22/2022,21.969999313354492
12/23/2022,20.87000084
12/27/2022,21.649999618530273
12/28/2022,22.139999389648438
12/29/2022,21.440000534057617
12/30/2022,21.670000076293945
1/3/2023,22.899999618530273
1/4/2023,22.010000228881836
1/5/2023,22.459999084472656
1/6/2023,21.12999916
1/9/2023,21.969999313354492
1/10/2023,20.579999923706055
1/11/2023,21.09000015258789
1/12/2023,18.829999923706055
1/13/2023,18.350000381469727
1/17/2023,19.360000610351562
1/18/2023,20.34000015258789
1/19/2023,20.520000457763672
1/20/2023,19.850000381469727
1/23/2023,19.809999465942383
1/24/2023,19.200000762939453
1/25/2023,19.079999923706055
1/26/2023,18.729999542236328
1/27/2023,18.510000228881836
1/30/2023,19.940000534057617
1/31/2023,19.399999618530273
2/1/2023,17.87000084
2/2/2023,18.729999542236328
2/3/2023,18.329999923706055
2/6/2023,19.43000030517578
2/7/2023,18.65999984741211
2/8/2023,19.62999916
2/9/2023,20.709999084472656
2/10/2023,20.530000686645508
2/13/2023,20.34000015258789
2/14/2023,18.90999984741211
2/15/2023,18.229999542236328
2/16/2023,20.170000076293945
2/17/2023,20.020000457763672
2/21/2023,22.87000084
2/22/2023,22.290000915527344
2/23/2023,21.139999389648438
2/24/2023,21.670000076293945
2/27/2023,20.950000762939453
2/28/2023,20.700000762939453
3/1/2023,20.579999923706055
3/2/2023,19.59000015258789
3/3/2023,18.489999771118164
3/6/2023,18.610000610351562
3/7/2023,19.59000015258789
3/8/2023,19.110000610351562
3/9/2023,22.610000610351562
3/10/2023,24.799999237060547
3/13/2023,26.520000457763672
3/14/2023,23.729999542236328
3/15/2023,26.139999389648438
3/16/2023,22.989999771118164
3/17/2023,25.510000228881836
3/20/2023,24.149999618530273
3/21/2023,21.37999916
3/22/2023,22.260000228881836
3/23/2023,22.610000610351562
3/24/2023,21.739999771118164
3/27/2023,20.600000381469727
3/28/2023,19.969999313354492
3/29/2023,19.12000084
3/30/2023,19.020000457763672
3/31/2023,18.700000762939453
4/3/2023,18.549999237060547
4/4/2023,19
4/5/2023,19.079999923706055
4/6/2023,18.399999618530273
4/10/2023,18.969999313354492
4/11/2023,19.100000381469727
4/12/2023,19.09000015258789
4/13/2023,17.799999237060547
4/14/2023,17.06999969482422
4/17/2023,16.950000762939453
4/18/2023,16.829999923706055
4/19/2023,16.459999084472656
4/20/2023,17.170000076293945
4/21/2023,16.770000457763672
4/24/2023,16.889999389648438
4/25/2023,18.760000228881836
4/26/2023,18.84000015258789
4/27/2023,17.030000686645508
4/28/2023,15.779999732971191
5/1/2023,16.079999923706055
5/2/2023,17.780000686645508
5/3/2023,18.34000015258789
5/4/2023,20.09000015258789
5/5/2023,17.190000534057617
5/8/2023,16.979999542236328
5/9/2023,17.709999084472656
5/10/2023,16.940000534057617
5/11/2023,16.93000030517578
5/12/2023,17.030000686645508
5/15/2023,17.12000084
5/16/2023,17.989999771118164
5/17/2023,16.87000084
5/18/2023,16.049999237060547
5/19/2023,16.809999465942383
5/22/2023,17.209999084472656
5/23/2023,18.530000686645508
5/24/2023,20.030000686645508
5/25/2023,19.139999389648438
5/26/2023,17.950000762939453
5/30/2023,17.459999084472656
5/31/2023,17.940000534057617
6/1/2023,15.649999618530273
6/2/2023,14.600000381469727
6/5/2023,14.729999542236328
6/6/2023,13.960000038146973
6/7/2023,13.93999958
6/8/2023,13.649999618530273
6/9/2023,13.829999923706055
6/12/2023,15.010000228881836
6/13/2023,14.609999656677246
6/14/2023,13.880000114440918
6/15/2023,14.5
6/16/2023,13.539999961853027
6/20/2023,13.880000114440918
6/21/2023,13.199999809265137
6/22/2023,12.90999984741211
6/23/2023,13.43999958
6/26/2023,14.25
6/27/2023,13.739999771118164
6/28/2023,13.430000305175781
6/29/2023,13.539999961853027
6/30/2023,13.59000015258789
7/3/2023,13.569999694824219
7/5/2023,14.180000305175781
7/6/2023,15.43999958
7/7/2023,14.829999923706055
7/10/2023,15.069999694824219
7/11/2023,14.84000015258789
7/12/2023,13.539999961853027
7/13/2023,13.609999656677246
7/14/2023,13.34000015258789
7/17/2023,13.479999542236328
7/18/2023,13.300000190734863
7/19/2023,13.760000228881836
7/20/2023,13.989999771118164
7/21/2023,13.600000381469727
7/24/2023,13.90999984741211
7/25/2023,13.859999656677246
7/26/2023,13.18999958
7/27/2023,14.40999984741211
7/28/2023,13.329999923706055
7/31/2023,13.630000114440918
8/1/2023,13.930000305175781
8/2/2023,16.09000015258789
8/3/2023,15.920000076293945
8/4/2023,17.100000381469727
8/7/2023,15.770000457763672
8/8/2023,15.989999771118164
8/9/2023,15.960000038146973
8/10/2023,15.850000381469727
8/11/2023,14.84000015258789
8/14/2023,14.819999694824219
8/15/2023,16.459999084472656
8/16/2023,16.780000686645508
8/17/2023,17.889999389648438
8/18/2023,17.299999237060547
8/21/2023,17.12999916
8/22/2023,16.969999313354492
8/23/2023,15.979999542236328
8/24/2023,17.200000762939453
8/25/2023,15.680000305175781
8/28/2023,15.079999923706055
8/29/2023,14.449999809265137
8/30/2023,13.880000114440918
8/31/2023,13.569999694824219
9/1/2023,13.09000015258789
9/5/2023,14.010000228881836
9/6/2023,14.449999809265137
9/7/2023,14.399999618530273
9/8/2023,13.84000015258789
9/11/2023,13.800000190734863
9/12/2023,14.229999542236328
9/13/2023,13.479999542236328
9/14/2023,12.819999694824219
9/15/2023,13.789999961853027
9/18/2023,14
9/19/2023,14.109999656677246
9/20/2023,15.140000343322754
9/21/2023,17.540000915527344
9/22/2023,17.200000762939453
9/25/2023,16.899999618530273
9/26/2023,18.940000534057617
9/27/2023,18.219999313354492
9/28/2023,17.34000015258789
9/29/2023,17.520000457763672
10/2/2023,17.610000610351562
10/3/2023,19.780000686645508
10/4/2023,18.579999923706055
10/5/2023,18.489999771118164
10/6/2023,17.450000762939453
10/9/2023,17.700000762939453
10/10/2023,17.030000686645508
10/11/2023,16.09000015258789
10/12/2023,16.690000534057617
10/13/2023,19.31999969482422
10/16/2023,17.209999084472656
10/17/2023,17.87999916
10/18/2023,19.219999313354492
10/19/2023,21.399999618530273
10/20/2023,21.709999084472656
10/23/2023,20.37000084
10/24/2023,18.969999313354492
10/25/2023,20.190000534057617
10/26/2023,20.68000030517578
10/27/2023,21.270000457763672
10/30/2023,19.75
10/31/2023,18.139999389648438
11/1/2023,16.87000084
11/2/2023,15.65999984741211
11/3/2023,14.90999984741211
11/6/2023,14.890000343322754
11/7/2023,14.81000042
11/8/2023,14.449999809265137
11/9/2023,15.289999961853027
11/10/2023,14.170000076293945
11/13/2023,14.760000228881836
11/14/2023,14.15999984741211
11/15/2023,14.180000305175781
11/16/2023,14.319999694824219
11/17/2023,13.800000190734863
11/20/2023,13.40999984741211
11/21/2023,13.350000381469727
11/22/2023,12.850000381469727
11/24/2023,12.460000038146973
11/27/2023,12.68999958
11/28/2023,12.68999958
11/29/2023,12.979999542236328
11/30/2023,12.920000076293945
12/1/2023,12.630000114440918
12/4/2023,13.079999923706055
12/5/2023,12.850000381469727
12/6/2023,12.970000267028809
12/7/2023,13.06000042
12/8/2023,12.350000381469727
12/11/2023,12.630000114440918
12/12/2023,12.069999694824219
12/13/2023,12.18999958
12/14/2023,12.479999542236328
12/15/2023,12.279999732971191
12/18/2023,12.56000042
12/19/2023,12.529999732971191
12/20/2023,13.670000076293945
12/21/2023,13.649999618530273
12/22/2023,13.029999732971191
12/26/2023,12.989999771118164
12/27/2023,12.430000305175781
12/28/2023,12.470000267028809
12/29/2023,12.449999809265137
1/2/2024,13.199999809265137
1/3/2024,14.039999961853027
1/4/2024,14.130000114440918
1/5/2024,13.350000381469727
1/8/2024,13.079999923706055
1/9/2024,12.760000228881836
1/10/2024,12.68999958
1/11/2024,12.43999958
1/12/2024,12.699999809265137
1/16/2024,13.84000015258789
1/17/2024,14.789999961853027
1/18/2024,14.130000114440918
1/19/2024,13.300000190734863
1/22/2024,13.18999958
1/23/2024,12.550000190734863
1/24/2024,13.140000343322754
1/25/2024,13.449999809265137
1/26/2024,13.260000228881836
1/29/2024,13.600000381469727
1/30/2024,13.31000042
1/31/2024,14.350000381469727
2/1/2024,13.880000114440918
2/2/2024,13.850000381469727
2/5/2024,13.670000076293945
2/6/2024,13.06000042
2/7/2024,12.829999923706055
2/8/2024,12.789999961853027
2/9/2024,12.930000305175781
2/12/2024,13.930000305175781
2/13/2024,15.850000381469727
2/14/2024,14.380000114440918
2/15/2024,14.010000228881836
2/16/2024,14.239999771118164
2/20/2024,15.420000076293945
2/21/2024,15.34000015258789
2/22/2024,14.539999961853027
2/23/2024,13.75
2/26/2024,13.739999771118164
2/27/2024,13.430000305175781
2/28/2024,13.84000015258789
2/29/2024,13.399999618530273
3/1/2024,13.109999656677246
3/4/2024,13.489999771118164
3/5/2024,14.460000038146973
3/6/2024,14.5
3/7/2024,14.43999958
3/8/2024,14.739999771118164
3/11/2024,15.220000267028809
3/12/2024,13.84000015258789
3/13/2024,13.75
3/14/2024,14.399999618530273
3/15/2024,14.40999984741211
3/18/2024,14.329999923706055
3/19/2024,13.819999694824219
3/20/2024,13.039999961853027
3/21/2024,12.920000076293945
3/22/2024,13.06000042
3/25/2024,13.18999958
3/26/2024,13.239999771118164
3/27/2024,12.779999732971191
3/28/2024,13.010000228881836
4/1/2024,13.649999618530273
4/2/2024,14.609999656677246
4/3/2024,14.329999923706055
4/4/2024,16.350000381469727
4/5/2024,16.030000686645508
4/8/2024,15.18999958
4/9/2024,14.979999542236328
4/10/2024,15.800000190734863
4/11/2024,14.90999984741211
4/12/2024,17.309999465942383
4/15/2024,19.229999542236328
4/16/2024,18.399999618530273
4/17/2024,18.209999084472656
4/18/2024,18
4/19/2024,18.709999084472656
4/22/2024,16.940000534057617
4/23/2024,15.68999958
4/24/2024,15.970000267028809
4/25/2024,15.369999885559082
4/26/2024,15.029999732971191
4/29/2024,14.670000076293945
4/30/2024,15.649999618530273
5/1/2024,15.390000343322754
5/2/2024,14.680000305175781
5/3/2024,13.489999771118164
5/6/2024,13.489999771118164
5/7/2024,13.229999542236328
5/8/2024,13
5/9/2024,12.68999958
5/10/2024,12.550000190734863
5/13/2024,13.600000381469727
5/14/2024,13.420000076293945
5/15/2024,12.449999809265137
5/16/2024,12.420000076293945
5/17/2024,11.989999771118164
5/20/2024,12.149999618530273
5/21/2024,11.859999656677246
5/22/2024,12.289999961853027
5/23/2024,12.770000457763672
5/24/2024,11.930000305175781
5/28/2024,12.920000076293945
5/29/2024,14.279999732971191
5/30/2024,14.470000267028809
5/31/2024,12.920000076293945
6/3/2024,13.109999656677246
6/4/2024,13.15999984741211
6/5/2024,12.630000114440918
6/6/2024,12.579999923706055
6/7/2024,12.220000267028809
6/10/2024,12.739999771118164
6/11/2024,12.850000381469727
6/12/2024,12.039999961853027
6/13/2024,11.93999958
6/14/2024,12.65999984741211
6/17/2024,12.75
6/18/2024,12.300000190734863
6/20/2024,13.279999732971191
6/21/2024,13.199999809265137
6/24/2024,13.329999923706055
6/25/2024,12.84000015258789
6/26/2024,12.550000190734863
6/27/2024,12.239999771118164
6/28/2024,12.43999958
7/1/2024,12.220000267028809
7/2/2024,12.029999732971191
7/3/2024,12.09000015258789
7/5/2024,12.479999542236328
7/8/2024,12.369999885559082
7/9/2024,12.510000228881836
7/10/2024,12.850000381469727
7/11/2024,12.920000076293945
7/12/2024,12.460000038146973
7/15/2024,13.119999885559082
7/16/2024,13.18999958
7/17/2024,14.479999542236328
7/18/2024,15.930000305175781
7/19/2024,16.520000457763672
7/22/2024,14.90999984741211
7/23/2024,14.720000267028809
7/24/2024,18.040000915527344
7/25/2024,18.459999084472656
7/26/2024,16.389999389648438
7/29/2024,16.600000381469727
7/30/2024,17.690000534057617
7/31/2024,16.360000610351562
8/1/2024,18.59000015258789
8/2/2024,23.389999389648438
8/5/2024,38.56999969482422
8/6/2024,27.709999084472656
8/7/2024,27.850000381469727
8/8/2024,23.790000915527344
8/9/2024,20.37000084
8/12/2024,20.709999084472656
8/13/2024,18.12000084
8/14/2024,16.190000534057617
8/15/2024,15.229999542236328
8/16/2024,14.800000190734863
8/19/2024,14.649999618530273
8/20/2024,15.880000114440918
8/21/2024,16.270000457763672
8/22/2024,17.549999237060547
8/23/2024,15.859999656677246
8/26/2024,16.149999618530273
8/27/2024,15.430000305175781
8/28/2024,17.110000610351562
8/29/2024,15.649999618530273
8/30/2024,15
9/3/2024,20.719999313354492
9/4/2024,21.31999969482422
9/5/2024,19.899999618530273
9/6/2024,22.37999916
9/9/2024,19.450000762939453
9/10/2024,19.079999923706055
9/11/2024,17.690000534057617
9/12/2024,17.06999969482422
9/13/2024,16.559999465942383
9/16/2024,17.139999389648438
9/17/2024,17.610000610351562
9/18/2024,18.229999542236328
9/19/2024,16.329999923706055
9/20/2024,16.149999618530273
9/23/2024,15.890000343322754
9/24/2024,15.390000343322754
9/25/2024,15.40999984741211
9/26/2024,15.369999885559082
9/27/2024,16.959999084472656
9/30/2024,16.729999542236328
10/1/2024,19.260000228881836
10/2/2024,18.899999618530273
10/3/2024,20.489999771118164
10/4/2024,19.209999084472656
10/7/2024,22.639999389648438
10/8/2024,21.420000076293945
10/9/2024,20.860000610351562
10/10/2024,20.93000030517578
10/11/2024,20.459999084472656
10/14/2024,19.700000762939453
10/15/2024,20.639999389648438
10/16/2024,19.579999923706055
10/17/2024,19.110000610351562
10/18/2024,18.030000686645508
10/21/2024,18.37000084
10/22/2024,18.200000762939453
10/23/2024,19.239999771118164
10/24/2024,19.079999923706055
10/25/2024,20.329999923706055
10/28/2024,19.799999237060547
10/29/2024,19.34000015258789
10/30/2024,20.350000381469727
10/31/2024,23.15999984741211
11/1/2024,21.87999916
11/4/2024,21.979999542236328
11/5/2024,20.489999771118164
11/6/2024,16.270000457763672
11/7/2024,15.199999809265137
11/8/2024,14.93999958
11/11/2024,14.970000267028809
11/12/2024,14.710000038146973
11/13/2024,14.020000457763672
11/14/2024,14.31000042
11/15/2024,16.139999389648438
11/18/2024,15.579999923706055
11/19/2024,16.350000381469727
11/20/2024,17.15999984741211
11/21/2024,16.87000084
11/22/2024,15.239999771118164
11/25/2024,14.600000381469727
11/26/2024,14.100000381469727
11/27/2024,14.100000381469727
11/29/2024,13.510000228881836
12/2/2024,13.34000015258789
12/3/2024,13.300000190734863
12/4/2024,13.449999809265137
12/5/2024,13.539999961853027
12/6/2024,12.770000457763672
12/9/2024,14.18999958
12/10/2024,14.180000305175781
12/11/2024,13.579999923706055
12/12/2024,13.920000076293945
12/13/2024,13.81000042
12/16/2024,14.68999958
12/17/2024,15.869999885559082
12/18/2024,27.62000084
12/19/2024,24.09000015258789
12/20/2024,18.360000610351562
12/23/2024,16.780000686645508
12/24/2024,14.270000457763672
12/26/2024,14.729999542236328
12/27/2024,15.949999809265137
12/30/2024,17.399999618530273
12/31/2024,17.350000381469727
1/2/2025,17.93000030517578
1/3/2025,16.12999916
1/6/2025,16.040000915527344
1/7/2025,17.81999969482422
1/8/2025,17.700000762939453
1/10/2025,19.540000915527344
1/13/2025,19.190000534057617
1/14/2025,18.709999084472656
1/15/2025,16.12000084
1/16/2025,16.600000381469727
1/17/2025,15.970000267028809
1/21/2025,15.06000042
1/22/2025,15.100000381469727
1/23/2025,15.020000457763672
1/24/2025,14.850000381469727
1/27/2025,17.899999618530273
1/28/2025,16.40999984741211
1/29/2025,16.559999465942383
1/30/2025,15.84000015258789
1/31/2025,16.43000030517578
2/3/2025,18.62000084
2/4/2025,17.209999084472656
2/5/2025,15.770000457763672
2/6/2025,15.5
2/7/2025,16.540000915527344
2/10/2025,15.81000042
2/11/2025,16.020000457763672
2/12/2025,15.890000343322754
2/13/2025,15.100000381469727
2/14/2025,14.770000457763672
2/18/2025,15.350000381469727
2/19/2025,15.270000457763672
2/20/2025,15.65999984741211
2/21/2025,18.209999084472656
2/24/2025,18.979999542236328
2/25/2025,19.43000030517578
2/26/2025,19.100000381469727
2/27/2025,21.12999916
2/28/2025,19.62999916
3/3/2025,22.780000686645508
3/4/2025,23.510000228881836
3/5/2025,21.93000030517578
3/6/2025,24.87000084
3/7/2025,23.37000084
3/10/2025,27.860000610351562
3/11/2025,26.920000076293945
3/12/2025,24.229999542236328
3/13/2025,24.65999984741211
3/14/2025,21.770000457763672
3/17/2025,20.510000228881836
3/18/2025,21.700000762939453
3/19/2025,19.899999618530273
3/20/2025,19.799999237060547
3/21/2025,19.280000686645508
3/24/2025,17.479999542236328
3/25/2025,17.149999618530273
3/26/2025,18.329999923706055
3/27/2025,18.690000534057617
3/28/2025,21.649999618530273
3/31/2025,22.280000686645508
4/1/2025,21.770000457763672
4/2/2025,21.510000228881836
4/3/2025,30.020000457763672
4/4/2025,45.310001373291016
4/7/2025,46.97999954223633
4/8/2025,52.33000183105469
4/9/2025,33.619998931884766
4/10/2025,40.720001220703125
4/11/2025,37.560001373291016
4/14/2025,30.889999389648438
4/15/2025,30.12000084
4/16/2025,32.63999938964844
4/17/2025,29.649999618530273
4/21/2025,33.81999969482422
4/22/2025,30.56999969482422
4/23/2025,28.450000762939453
4/24/2025,26.469999313354492
4/25/2025,24.84000015258789
4/28/2025,25.149999618530273
4/29/2025,24.170000076293945
4/30/2025,24.700000762939453
5/1/2025,24.600000381469727
5/2/2025,22.68000030517578
5/5/2025,23.639999389648438
5/6/2025,24.760000228881836
5/7/2025,23.549999237060547
5/8/2025,22.479999542236328
5/9/2025,21.899999618530273
5/12/2025,18.389999389648438
5/13/2025,18.219999313354492
5/14/2025,18.62000084
5/15/2025,17.829999923706055
5/16/2025,17.239999771118164
5/19/2025,18.139999389648438
5/20/2025,18.09000015258789
5/21/2025,20.87000084
5/22/2025,20.280000686645508
5/23/2025,22.290000915527344
5/27/2025,18.959999084472656
5/28/2025,19.309999465942383
5/29/2025,19.18000030517578
5/30/2025,18.56999969482422
6/2/2025,18.360000610351562
6/3/2025,17.690000534057617
6/4/2025,17.610000610351562
6/5/2025,18.479999542236328
6/6/2025,16.770000457763672
6/9/2025,17.15999984741211
6/10/2025,16.950000762939453
6/11/2025,17.260000228881836
6/12/2025,18.020000457763672
6/13/2025,20.81999969482422
6/16/2025,19.110000610351562
6/17/2025,21.600000381469727
6/18/2025,20.139999389648438
6/20/2025,20.62000084
6/23/2025,19.829999923706055
6/24/2025,17.479999542236328
6/25/2025,16.760000228881836
6/26/2025,16.59000015258789
6/27/2025,16.31999969482422
6/30/2025,16.729999542236328
7/1/2025,16.829999923706055
7/2/2025,16.639999389648438
7/3/2025,16.37999916
7/7/2025,17.790000915527344
7/8/2025,16.809999465942383
7/9/2025,15.93999958
7/10/2025,15.779999732971191
7/11/2025,16.399999618530273
7/14/2025,17.200000762939453
7/15/2025,17.37999916
7/16/2025,17.15999984741211
7/17/2025,16.520000457763672
7/18/2025,16.40999984741211
7/21/2025,16.649999618530273
7/22/2025,16.5
7/23/2025,15.369999885559082
7/24/2025,15.390000343322754
7/25/2025,14.930000305175781
7/28/2025,15.029999732971191
7/29/2025,15.979999542236328
7/30/2025,15.479999542236328
7/31/2025,16.719999313354492
8/1/2025,20.37999916
8/4/2025,17.520000457763672
8/5/2025,17.850000381469727
8/6/2025,16.770000457763672
8/7/2025,16.56999969482422
8/8/2025,15.149999618530273
8/11/2025,16.25
8/12/2025,14.729999542236328
8/13/2025,14.489999771118164
8/14/2025,14.829999923706055
8/15/2025,15.09000015258789
8/18/2025,14.989999771118164
8/19/2025,15.569999694824219
8/20/2025,15.68999958
8/21/2025,16.600000381469727
8/22/2025,14.220000267028809
8/25/2025,14.789999961853027
8/26/2025,14.619999885559082
8/27/2025,14.850000381469727
8/28/2025,14.430000305175781
8/29/2025,15.359999656677246
9/2/2025,17.170000076293945
9/3/2025,16.350000381469727
9/4/2025,15.300000190734863
9/5/2025,15.180000305175781
9/8/2025,15.109999656677246
9/9/2025,15.039999961853027
9/10/2025,15.350000381469727
9/11/2025,14.710000038146973
9/12/2025,14.760000228881836
9/15/2025,15.68999958
9/16/2025,16.360000610351562
9/17/2025,15.720000267028809
9/18/2025,15.699999809265137
9/19/2025,15.449999809265137
9/22/2025,16.100000381469727
9/23/2025,16.639999389648438
9/24/2025,16.18000030517578
9/25/2025,16.739999771118164
9/26/2025,15.289999961853027
9/29/2025,16.12000084
9/30/2025,16.280000686645508
10/1/2025,16.290000915527344
10/2/2025,16.62999916
10/3/2025,16.649999618530273
10/6/2025,16.37000084
10/7/2025,17.239999771118164
10/8/2025,16.299999237060547
10/9/2025,16.43000030517578
10/10/2025,21.65999984741211
10/13/2025,19.030000686645508
10/14/2025,20.809999465942383
10/15/2025,20.639999389648438
10/16/2025,25.309999465942383
10/17/2025,20.780000686645508
10/20/2025,18.229999542236328
10/21/2025,17.87000084
10/22/2025,18.600000381469727
10/23/2025,17.299999237060547
10/24/2025,16.37000084
10/27/2025,15.789999961853027
10/28/2025,16.420000076293945
10/29/2025,16.920000076293945
10/30/2025,16.90999984741211
10/31/2025,17.440000534057617
11/3/2025,17.170000076293945
11/4/2025,19
11/5/2025,18.010000228881836
11/6/2025,19.5
11/7/2025,19.079999923706055
11/10/2025,17.600000381469727
11/11/2025,17.280000686645508
11/12/2025,17.510000228881836
11/13/2025,20
11/14/2025,19.829999923706055
11/17/2025,22.37999916
11/18/2025,24.690000534057617
11/19/2025,23.65999984741211
11/20/2025,26.420000076293945
11/21/2025,23.43000030517578
11/24/2025,20.520000457763672
11/25/2025,18.559999465942383
11/26/2025,17.190000534057617
11/28/2025,16.350000381469727
12/1/2025,17.239999771118164
12/2/2025,16.59000015258789
12/3/2025,16.079999923706055
12/4/2025,15.779999732971191
12/5/2025,15.40999984741211
12/8/2025,16.65999984741211
12/9/2025,16.93000030517578
12/10/2025,15.770000457763672
12/11/2025,14.850000381469727
12/12/2025,15.739999771118164
12/15/2025,16.5
12/16/2025,16.479999542236328
12/17/2025,17.62000084
12/18/2025,16.87000084
12/19/2025,14.90999984741211
12/22/2025,14.079999923706055
12/23/2025,14
12/24/2025,13.470000267028809
12/26/2025,13.600000381469727
12/29/2025,14.199999809265137
12/30/2025,14.329999923706055
12/31/2025,14.949999809265137
1/2/2026,14.510000228881836
1/5/2026,14.899999618530273
1/6/2026,14.75
1/7/2026,15.380000114440918
1/8/2026,15.449999809265137
1/9/2026,14.489999771118164
1/12/2026,15.119999885559082
1/13/2026,15.979999542236328
1/14/2026,16.75
1/15/2026,15.84000015258789
1/16/2026,15.859999656677246
1/20/2026,20.09000015258789
1/21/2026,16.899999618530273
1/22/2026,15.640000343322754
1/23/2026,16.09000015258789
1/26/2026,16.149999618530273
1/27/2026,16.350000381469727
1/28/2026,16.350000381469727
1/29/2026,16.87999916
1/30/2026,17.440000534057617
2/2/2026,16.34000015258789
2/3/2026,18
2/4/2026,18.639999389648438
2/5/2026,21.770000457763672
2/6/2026,20.37000084
