Price,Close
Ticker,HG=F
Date,
1/4/2016,2.070499897003174
1/5/2016,2.0885000228881836
1/6/2016,2.0804998874664307
1/7/2016,2.015500068664551
1/8/2016,2.0164999961853027
1/11/2016,1.9674999713897705
1/12/2016,1.9529999494552612
1/13/2016,1.9505000114440918
1/14/2016,1.9709999561309814
1/15/2016,1.9394999742507935
1/19/2016,1.9735000133514404
1/20/2016,1.9559999704360962
1/21/2016,1.9930000305175781
1/22/2016,1.9984999895095825
1/25/2016,1.9954999685287476
1/26/2016,2.0339999198913574
1/27/2016,2.062999963760376
1/28/2016,2.0490000247955322
1/29/2016,2.063999891281128
2/1/2016,2.051500082015991
2/2/2016,2.052000045776367
2/3/2016,2.0920000076293945
2/4/2016,2.128000020980835
2/5/2016,2.1005001068115234
2/8/2016,2.0885000228881836
2/9/2016,2.0385000705718994
2/10/2016,2.0250000953674316
2/11/2016,2.003999948501587
2/12/2016,2.0269999504089355
2/16/2016,2.0490000247955322
2/17/2016,2.0739998817443848
2/18/2016,2.071500062942505
2/19/2016,2.075500011444092
2/22/2016,2.112999916
2/23/2016,2.1045000553131104
2/24/2016,2.0950000286102295
2/25/2016,2.065000057220459
2/26/2016,2.118000030517578
2/29/2016,2.128499984741211
3/1/2016,2.1414999961853027
3/2/2016,2.177500009536743
3/3/2016,2.2044999599456787
3/4/2016,2.2709999084472656
3/7/2016,2.2804999351501465
3/8/2016,2.2184998989105225
3/9/2016,2.2300000190734863
3/10/2016,2.2174999713897705
3/11/2016,2.2385001182556152
3/14/2016,2.236999988555908
3/15/2016,2.2309999465942383
3/16/2016,2.2314999103546143
3/17/2016,2.2890000343322754
3/18/2016,2.2795000076293945
3/21/2016,2.2894999980926514
3/22/2016,2.2844998836517334
3/23/2016,2.2304999828338623
3/24/2016,2.2244999408721924
3/28/2016,2.241499900817871
3/29/2016,2.2084999084472656
3/30/2016,2.187000036239624
3/31/2016,2.181499958
4/1/2016,2.1610000133514404
4/4/2016,2.138000011444092
4/5/2016,2.134999990463257
4/6/2016,2.140500068664551
4/7/2016,2.074500084
4/8/2016,2.0864999294281006
4/11/2016,2.0885000228881836
4/12/2016,2.1449999809265137
4/13/2016,2.1675000190734863
4/14/2016,2.1710000038146973
4/15/2016,2.1519999504089355
4/18/2016,2.1640000343322754
4/19/2016,2.2230000495910645
4/20/2016,2.242000102996826
4/21/2016,2.252000093460083
4/22/2016,2.2690000534057617
4/25/2016,2.258500099182129
4/26/2016,2.248500108718872
4/27/2016,2.2204999923706055
4/28/2016,2.2244999408721924
4/29/2016,2.2790000438690186
5/2/2016,2.2614998817443848
5/3/2016,2.2144999504089355
5/4/2016,2.183000087738037
5/5/2016,2.1510000228881836
5/6/2016,2.1510000228881836
5/9/2016,2.1040000915527344
5/10/2016,2.0899999141693115
5/11/2016,2.1010000705718994
5/12/2016,2.072999954223633
5/13/2016,2.075000047683716
5/16/2016,2.0910000801086426
5/17/2016,2.0920000076293945
5/18/2016,2.0815000534057617
5/19/2016,2.062999963760376
5/20/2016,2.058500051498413
5/23/2016,2.057499885559082
5/24/2016,2.069499969482422
5/25/2016,2.1050000190734863
5/26/2016,2.1064999103546143
5/27/2016,2.114000082015991
5/31/2016,2.0975000858306885
6/1/2016,2.072499990463257
6/2/2016,2.069499969482422
6/3/2016,2.111999988555908
6/6/2016,2.117000102996826
6/7/2016,2.0510001182556152
6/8/2016,2.0625
6/9/2016,2.0399999618530273
6/10/2016,2.0315001010894775
6/13/2016,2.057499885559082
6/14/2016,2.0445001125335693
6/15/2016,2.0934998989105225
6/16/2016,2.049999952316284
6/17/2016,2.052500009536743
6/20/2016,2.0934998989105225
6/21/2016,2.116499900817871
6/22/2016,2.135499954223633
6/23/2016,2.1635000705718994
6/24/2016,2.111999988555908
6/27/2016,2.126499891281128
6/28/2016,2.1700000762939453
6/29/2016,2.183500051498413
6/30/2016,2.194499969482422
7/1/2016,2.2149999141693115
7/5/2016,2.181499958
7/6/2016,2.1514999866485596
7/7/2016,2.122499942779541
7/8/2016,2.118499994277954
7/11/2016,2.1470000743865967
7/12/2016,2.2109999656677246
7/13/2016,2.237999916
7/14/2016,2.240999937057495
7/15/2016,2.2304999828338623
7/18/2016,2.2339999675750732
7/19/2016,2.2614998817443848
7/20/2016,2.252000093460083
7/21/2016,2.256000042
7/22/2016,2.2339999675750732
7/25/2016,2.2160000801086426
7/26/2016,2.2249999046325684
7/27/2016,2.184999942779541
7/28/2016,2.2060000896453857
7/29/2016,2.2204999923706055
8/1/2016,2.196500062942505
8/2/2016,2.2065000534057617
8/3/2016,2.196000099182129
8/4/2016,2.1740000247955322
8/5/2016,2.1530001163482666
8/8/2016,2.1640000343322754
8/9/2016,2.1494998931884766
8/10/2016,2.1705000400543213
8/11/2016,2.190000057220459
8/12/2016,2.140500068664551
8/15/2016,2.1514999866485596
8/16/2016,2.171999931335449
8/17/2016,2.1519999504089355
8/18/2016,2.1670000553131104
8/19/2016,2.1665000915527344
8/22/2016,2.140000104904175
8/23/2016,2.115000009536743
8/24/2016,2.0759999752044678
8/25/2016,2.075500011444092
8/26/2016,2.075000047683716
8/29/2016,2.072499990463257
8/30/2016,2.069000005722046
8/31/2016,2.069499969482422
9/1/2016,2.068500042
9/2/2016,2.071500062942505
9/6/2016,2.0840001106262207
9/7/2016,2.0929999351501465
9/8/2016,2.0959999561309814
9/9/2016,2.0885000228881836
9/12/2016,2.0959999561309814
9/13/2016,2.0954999923706055
9/14/2016,2.1480000019073486
9/15/2016,2.1519999504089355
9/16/2016,2.1514999866485596
9/19/2016,2.1489999294281006
9/20/2016,2.1554999351501465
9/21/2016,2.1449999809265137
9/22/2016,2.1875
9/23/2016,2.192500114440918
9/26/2016,2.190000057220459
9/27/2016,2.1614999771118164
9/28/2016,2.179500102996826
9/29/2016,2.180999994277954
9/30/2016,2.2019999027252197
10/3/2016,2.183500051498413
10/4/2016,2.1584999561309814
10/5/2016,2.1559998989105225
10/6/2016,2.1480000019073486
10/7/2016,2.1565001010894775
10/11/2016,2.178499937057495
10/12/2016,2.1695001125335693
10/13/2016,2.115000009536743
10/14/2016,2.1034998893737793
10/17/2016,2.0994999408721924
10/18/2016,2.0980000495910645
10/19/2016,2.0969998836517334
10/20/2016,2.0905001163482666
10/21/2016,2.0834999084472656
10/24/2016,2.0875000953674316
10/25/2016,2.132499933242798
10/26/2016,2.1394999027252197
10/27/2016,2.1654999256134033
10/28/2016,2.188499927520752
10/31/2016,2.200500011444092
11/1/2016,2.2244999408721924
11/2/2016,2.2260000705718994
11/3/2016,2.244499921798706
11/4/2016,2.260999917984009
11/7/2016,2.306499958
11/8/2016,2.378999948501587
11/9/2016,2.4590001106262207
11/10/2016,2.549499988555908
11/14/2016,2.5185000896453857
11/15/2016,2.502000093460083
11/16/2016,2.4649999141693115
11/17/2016,2.487499952316284
11/18/2016,2.4639999866485596
11/21/2016,2.512500047683716
11/22/2016,2.5425000190734863
11/23/2016,2.6059999465942383
11/25/2016,2.6670000553131104
11/28/2016,2.6559998989105225
11/29/2016,2.5950000286102295
11/30/2016,2.621500015258789
12/1/2016,2.631500005722046
12/2/2016,2.615000009536743
12/5/2016,2.688999891281128
12/6/2016,2.671999931335449
12/7/2016,2.637000084
12/8/2016,2.619999885559082
12/9/2016,2.6419999599456787
12/12/2016,2.612999916
12/13/2016,2.5929999351501465
12/14/2016,2.5999999046325684
12/15/2016,2.5959999561309814
12/16/2016,2.561000108718872
12/19/2016,2.496500015258789
12/20/2016,2.499500036239624
12/21/2016,2.491499900817871
12/22/2016,2.494499921798706
12/23/2016,2.4725000858306885
12/27/2016,2.507999897003174
12/28/2016,2.494999885559082
12/29/2016,2.4790000915527344
12/30/2016,2.497499942779541
1/3/2017,2.4809999465942383
1/4/2017,2.5480000972747803
1/5/2017,2.5295000076293945
1/6/2017,2.5380001068115234
1/9/2017,2.5299999713897705
1/10/2017,2.6034998893737793
1/11/2017,2.6010000705718994
1/12/2017,2.6605000495910645
1/13/2017,2.680500030517578
1/17/2017,2.616499900817871
1/18/2017,2.6080000400543213
1/19/2017,2.6015000343322754
1/20/2017,2.617000102996826
1/23/2017,2.6394999027252197
1/24/2017,2.700500011444092
1/25/2017,2.702500104904175
1/26/2017,2.6659998893737793
1/27/2017,2.680000066757202
1/30/2017,2.6475000381469727
1/31/2017,2.7214999198913574
2/1/2017,2.7044999599456787
2/2/2017,2.677999973297119
2/3/2017,2.609499931335449
2/6/2017,2.6454999446868896
2/7/2017,2.625999927520752
2/8/2017,2.6605000495910645
2/9/2017,2.6480000019073486
2/10/2017,2.762000084
2/13/2017,2.7764999866485596
2/14/2017,2.7309999465942383
2/15/2017,2.7360000610351562
2/16/2017,2.7160000801086426
2/17/2017,2.7054998874664307
2/21/2017,2.745500087738037
2/22/2017,2.7325000762939453
2/23/2017,2.6424999237060547
2/24/2017,2.680000066757202
2/27/2017,2.6875
2/28/2017,2.7039999961853027
3/1/2017,2.7265000343322754
3/2/2017,2.679500102996826
3/3/2017,2.687000036239624
3/6/2017,2.6429998874664307
3/7/2017,2.609499931335449
3/8/2017,2.5920000076293945
3/9/2017,2.569999933242798
3/10/2017,2.5864999294281006
3/13/2017,2.616499900817871
3/14/2017,2.624000072479248
3/15/2017,2.6454999446868896
3/16/2017,2.6654999256134033
3/17/2017,2.679500102996826
3/20/2017,2.6554999351501465
3/21/2017,2.609999895095825
3/22/2017,2.621999979019165
3/23/2017,2.6364998817443848
3/24/2017,2.623500108718872
3/27/2017,2.625
3/28/2017,2.6689999103546143
3/29/2017,2.6700000762939453
3/30/2017,2.6649999618530273
3/31/2017,2.6465001106262207
4/3/2017,2.5975000858306885
4/4/2017,2.6059999465942383
4/5/2017,2.675499916
4/6/2017,2.6554999351501465
4/7/2017,2.6449999809265137
4/10/2017,2.6019999980926514
4/11/2017,2.6059999465942383
4/12/2017,2.5439999103546143
4/13/2017,2.569499969482422
4/17/2017,2.5950000286102295
4/18/2017,2.5290000438690186
4/19/2017,2.5334999561309814
4/20/2017,2.5409998893737793
4/21/2017,2.5364999771118164
4/24/2017,2.553499937057495
4/25/2017,2.5820000171661377
4/26/2017,2.5910000801086426
4/27/2017,2.5799999237060547
4/28/2017,2.5964999198913574
5/1/2017,2.6500000953674316
5/2/2017,2.625
5/3/2017,2.5329999923706055
5/4/2017,2.502000093460083
5/5/2017,2.5195000171661377
5/8/2017,2.4855000972747803
5/9/2017,2.490000009536743
5/10/2017,2.486999988555908
5/11/2017,2.500999927520752
5/12/2017,2.5179998874664307
5/15/2017,2.5329999923706055
5/16/2017,2.5445001125335693
5/17/2017,2.5425000190734863
5/18/2017,2.5264999866485596
5/19/2017,2.5739998817443848
5/22/2017,2.5889999866485596
5/23/2017,2.5905001163482666
5/24/2017,2.578000068664551
5/25/2017,2.5920000076293945
5/26/2017,2.559499979019165
5/30/2017,2.561000108718872
5/31/2017,2.5769999027252197
6/1/2017,2.5845000743865967
6/2/2017,2.571500062942505
6/5/2017,2.554500102996826
6/6/2017,2.5445001125335693
6/7/2017,2.5490000247955322
6/8/2017,2.6070001125335693
6/9/2017,2.6459999084472656
6/12/2017,2.612499952316284
6/13/2017,2.5929999351501465
6/14/2017,2.570499897003174
6/15/2017,2.563999891281128
6/16/2017,2.5625
6/19/2017,2.5894999504089355
6/20/2017,2.555000066757202
6/21/2017,2.6019999980926514
6/22/2017,2.5980000495910645
6/23/2017,2.622999906539917
6/26/2017,2.625
6/27/2017,2.6465001106262207
6/28/2017,2.6619999408721924
6/29/2017,2.683000087738037
6/30/2017,2.6989998817443848
7/3/2017,2.680999994277954
7/5/2017,2.6489999294281006
7/6/2017,2.6514999866485596
7/7/2017,2.637500047683716
7/10/2017,2.6394999027252197
7/11/2017,2.6644999980926514
7/12/2017,2.677000045776367
7/13/2017,2.6545000076293945
7/14/2017,2.684000015258789
7/17/2017,2.7170000076293945
7/18/2017,2.7235000133514404
7/19/2017,2.703000068664551
7/20/2017,2.7084999084472656
7/21/2017,2.7149999141693115
7/24/2017,2.7290000915527344
7/25/2017,2.8405001163482666
7/26/2017,2.868999958
7/27/2017,2.874000072479248
7/28/2017,2.870500087738037
7/31/2017,2.888000011444092
8/1/2017,2.878999948501587
8/2/2017,2.882499933242798
8/3/2017,2.877000093460083
8/4/2017,2.884999990463257
8/7/2017,2.9079999923706055
8/8/2017,2.942500114440918
8/9/2017,2.930000066757202
8/10/2017,2.9059998989105225
8/11/2017,2.9140000343322754
8/14/2017,2.9065001010894775
8/15/2017,2.884500026702881
8/16/2017,2.9544999599456787
8/17/2017,2.937999963760376
8/18/2017,2.940500020980835
8/21/2017,2.9809999465942383
8/22/2017,2.9865000247955322
8/23/2017,2.9804999828338623
8/24/2017,3.0334999561309814
8/25/2017,3.0329999923706055
8/28/2017,3.065000057220459
8/29/2017,3.0810000896453857
8/30/2017,3.064500093460083
8/31/2017,3.0789999961853027
9/1/2017,3.0980000495910645
9/5/2017,3.1075000762939453
9/6/2017,3.131500005722046
9/7/2017,3.122999906539917
9/8/2017,3.0215001106262207
9/11/2017,3.0460000038146973
9/12/2017,3.015500068664551
9/13/2017,2.9609999656677246
9/14/2017,2.936500072479248
9/15/2017,2.927999973297119
9/18/2017,2.9489998817443848
9/19/2017,2.949500084
9/20/2017,2.949500084
9/21/2017,2.9140000343322754
9/22/2017,2.924499988555908
9/25/2017,2.9175000190734863
9/26/2017,2.8975000381469727
9/27/2017,2.9110000133514404
9/28/2017,2.9625000953674316
9/29/2017,2.9375
10/2/2017,2.939500093460083
10/3/2017,2.948499917984009
10/4/2017,2.944499969482422
10/5/2017,3.0315001010894775
10/6/2017,3.0144999027252197
10/9/2017,3.0169999599456787
10/10/2017,3.0455000400543213
10/11/2017,3.0799999237060547
10/12/2017,3.1040000915527344
10/13/2017,3.118499994277954
10/16/2017,3.2239999771118164
10/17/2017,3.180500030517578
10/18/2017,3.1635000705718994
10/19/2017,3.1530001163482666
10/20/2017,3.1514999866485596
10/23/2017,3.1740000247955322
10/24/2017,3.186500072479248
10/25/2017,3.1714999675750732
10/26/2017,3.1675000190734863
10/27/2017,3.0934998989105225
10/30/2017,3.1019999980926514
10/31/2017,3.0920000076293945
11/1/2017,3.132999897003174
11/2/2017,3.135499954223633
11/3/2017,3.1105000972747803
11/6/2017,3.1505000591278076
11/7/2017,3.0824999809265137
11/8/2017,3.0929999351501465
11/9/2017,3.0799999237060547
11/10/2017,3.069499969482422
11/13/2017,3.1115000247955322
11/14/2017,3.059999942779541
11/15/2017,3.0490000247955322
11/16/2017,3.0434999465942383
11/17/2017,3.0625
11/20/2017,3.0905001163482666
11/21/2017,3.125499963760376
11/22/2017,3.134500026702881
11/24/2017,3.1659998893737793
11/27/2017,3.132499933242798
11/28/2017,3.070499897003174
11/29/2017,3.0399999618530273
11/30/2017,3.0369999408721924
12/1/2017,3.065500020980835
12/4/2017,3.062999963760376
12/5/2017,2.9205000400543213
12/6/2017,2.936500072479248
12/7/2017,2.940500020980835
12/8/2017,2.9549999237060547
12/11/2017,2.987999916
12/12/2017,2.999500036239624
12/13/2017,3.0295000076293945
12/14/2017,3.0485000610351562
12/15/2017,3.109999895095825
12/18/2017,3.121999979019165
12/19/2017,3.127500057220459
12/20/2017,3.1714999675750732
12/21/2017,3.194499969482422
12/22/2017,3.2144999504089355
12/26/2017,3.256000042
12/27/2017,3.256999969482422
12/28/2017,3.2860000133514404
12/29/2017,3.2795000076293945
1/2/2018,3.256000042
1/3/2018,3.236999988555908
1/4/2018,3.242500066757202
1/5/2018,3.2070000171661377
1/8/2018,3.2009999752044678
1/9/2018,3.194499969482422
1/10/2018,3.2149999141693115
1/11/2018,3.2135000228881836
1/12/2018,3.200000047683716
1/16/2018,3.1989998817443848
1/17/2018,3.1665000915527344
1/18/2018,3.177000045776367
1/19/2018,3.1670000553131104
1/22/2018,3.177500009536743
1/23/2018,3.0894999504089355
1/24/2018,3.2084999084472656
1/25/2018,3.1989998817443848
1/26/2018,3.182499885559082
1/30/2018,3.177000045776367
1/31/2018,3.184000015258789
2/1/2018,3.197000026702881
2/2/2018,3.176500082015991
2/5/2018,3.2105000019073486
2/6/2018,3.177500009536743
2/7/2018,3.0764999389648438
2/8/2018,3.072000026702881
2/9/2018,3.0244998931884766
2/12/2018,3.077500104904175
2/13/2018,3.1545000076293945
2/14/2018,3.2284998893737793
2/15/2018,3.239000082015991
2/16/2018,3.243000030517578
2/20/2018,3.186000108718872
2/21/2018,3.2114999294281006
2/22/2018,3.237499952316284
2/23/2018,3.2084999084472656
2/26/2018,3.196000099182129
2/27/2018,3.1575000286102295
2/28/2018,3.1075000762939453
3/1/2018,3.0994999408721924
3/2/2018,3.1010000705718994
3/5/2018,3.1054999828338623
3/6/2018,3.137000084
3/7/2018,3.114000082015991
3/8/2018,3.058500051498413
3/9/2018,3.115999937057495
3/12/2018,3.1040000915527344
3/13/2018,3.118999958
3/14/2018,3.140000104904175
3/15/2018,3.1110000610351562
3/16/2018,3.0929999351501465
3/19/2018,3.069499969482422
3/20/2018,3.0255000591278076
3/21/2018,3.0485000610351562
3/22/2018,3.012000084
3/23/2018,2.984499931335449
3/26/2018,2.9605000019073486
3/27/2018,2.991499900817871
3/28/2018,2.993999958
3/29/2018,3.0190000534057617
4/2/2018,3.0404999256134033
4/3/2018,3.058000087738037
4/4/2018,3.006999969482422
4/5/2018,3.069499969482422
4/6/2018,3.053999900817871
4/9/2018,3.071500062942505
4/10/2018,3.131000042
4/11/2018,3.111999988555908
4/12/2018,3.059999942779541
4/13/2018,3.067500114440918
4/16/2018,3.0915000438690186
4/17/2018,3.075000047683716
4/18/2018,3.1535000801086426
4/19/2018,3.128000020980835
4/20/2018,3.131500005722046
4/23/2018,3.1080000400543213
4/24/2018,3.1384999752044678
4/25/2018,3.131999969482422
4/26/2018,3.112999916
4/27/2018,3.0460000038146973
4/30/2018,3.052500009536743
5/1/2018,3.015000104904175
5/2/2018,3.047499895095825
5/3/2018,3.059000015258789
5/4/2018,3.065500020980835
5/7/2018,3.059499979019165
5/8/2018,3.0404999256134033
5/9/2018,3.0394999980926514
5/10/2018,3.0924999713897705
5/11/2018,3.0950000286102295
5/14/2018,3.0785000324249268
5/15/2018,3.0425000190734863
5/16/2018,3.058500051498413
5/17/2018,3.0769999027252197
5/18/2018,3.0510001182556152
5/21/2018,3.0855000019073486
5/22/2018,3.118999958
5/23/2018,3.060499906539917
5/24/2018,3.0855000019073486
5/25/2018,3.066999912261963
5/29/2018,3.052000045776367
5/30/2018,3.059499979019165
5/31/2018,3.058000087738037
6/1/2018,3.0915000438690186
6/4/2018,3.126499891281128
6/5/2018,3.190999984741211
6/6/2018,3.254499912261963
6/7/2018,3.2679998874664307
6/8/2018,3.2929999828338623
6/11/2018,3.250499963760376
6/12/2018,3.242500066757202
6/13/2018,3.247999906539917
6/14/2018,3.2165000438690186
6/15/2018,3.1410000324249268
6/18/2018,3.1034998893737793
6/19/2018,3.0464999675750732
6/20/2018,3.0464999675750732
6/21/2018,3.0250000953674316
6/22/2018,3.0325000286102295
6/25/2018,2.992000102996826
6/26/2018,2.996999979019165
6/27/2018,2.989500045776367
6/28/2018,2.9535000324249268
6/29/2018,2.9509999752044678
7/2/2018,2.931499958
7/3/2018,2.9059998989105225
7/5/2018,2.813999891281128
7/6/2018,2.812999963760376
7/9/2018,2.8389999866485596
7/10/2018,2.8285000324249268
7/11/2018,2.7335000038146973
7/12/2018,2.7679998874664307
7/13/2018,2.7699999809265137
7/16/2018,2.756999969482422
7/17/2018,2.739500045776367
7/18/2018,2.752000093460083
7/19/2018,2.686000108718872
7/20/2018,2.746000051498413
7/23/2018,2.736999988555908
7/24/2018,2.799999952316284
7/25/2018,2.805999994277954
7/26/2018,2.803999900817871
7/27/2018,2.7874999046325684
7/30/2018,2.7790000438690186
7/31/2018,2.819000005722046
8/1/2018,2.734999895095825
8/2/2018,2.7269999980926514
8/3/2018,2.753499984741211
8/6/2018,2.7209999561309814
8/7/2018,2.740999937057495
8/8/2018,2.740499973297119
8/9/2018,2.755500078201294
8/10/2018,2.7325000762939453
8/13/2018,2.7219998836517334
8/14/2018,2.675499916
8/15/2018,2.556999921798706
8/16/2018,2.6135001182556152
8/17/2018,2.624500036239624
8/20/2018,2.6635000705718994
8/21/2018,2.689500093460083
8/22/2018,2.6684999465942383
8/23/2018,2.6524999141693115
8/24/2018,2.6989998817443848
8/27/2018,2.7049999237060547
8/28/2018,2.7339999675750732
8/29/2018,2.7090001106262207
8/30/2018,2.690500020980835
8/31/2018,2.6489999294281006
9/4/2018,2.5834999084472656
9/5/2018,2.5924999713897705
9/6/2018,2.618499994277954
9/7/2018,2.6034998893737793
9/10/2018,2.6105000972747803
9/11/2018,2.6040000915527344
9/12/2018,2.6584999561309814
9/13/2018,2.6644999980926514
9/14/2018,2.627500057220459
9/17/2018,2.633500099182129
9/18/2018,2.7119998931884766
9/19/2018,2.7100000381469727
9/20/2018,2.7209999561309814
9/21/2018,2.8364999294281006
9/24/2018,2.815999984741211
9/25/2018,2.803499937057495
9/26/2018,2.806999921798706
9/27/2018,2.7644999027252197
9/28/2018,2.7869999408721924
10/1/2018,2.7739999294281006
10/2/2018,2.7950000762939453
10/3/2018,2.822499990463257
10/4/2018,2.765000104904175
10/5/2018,2.750999927520752
10/8/2018,2.755000114440918
10/9/2018,2.7950000762939453
10/10/2018,2.7690000534057617
10/11/2018,2.796999931335449
10/12/2018,2.7929999828338623
10/15/2018,2.7804999351501465
10/16/2018,2.7704999446868896
10/17/2018,2.7669999599456787
10/18/2018,2.737499952316284
10/19/2018,2.7679998874664307
10/22/2018,2.7739999294281006
10/23/2018,2.746999979019165
10/24/2018,2.746500015258789
10/25/2018,2.748500108718872
10/26/2018,2.743999958
10/29/2018,2.7385001182556152
10/30/2018,2.6630001068115234
10/31/2018,2.6635000705718994
11/1/2018,2.7214999198913574
11/2/2018,2.802999973297119
11/5/2018,2.755500078201294
11/6/2018,2.7304999828338623
11/7/2018,2.752500057220459
11/8/2018,2.736999988555908
11/9/2018,2.686500072479248
11/12/2018,2.677999973297119
11/13/2018,2.687000036239624
11/14/2018,2.7095000743865967
11/15/2018,2.749000072479248
11/16/2018,2.803999900817871
11/19/2018,2.804500102996826
11/20/2018,2.7664999961853027
11/21/2018,2.7945001125335693
11/23/2018,2.7704999446868896
11/26/2018,2.758500099182129
11/27/2018,2.7105000019073486
11/28/2018,2.7960000038146973
11/29/2018,2.7780001163482666
11/30/2018,2.7774999141693115
12/3/2018,2.799499988555908
12/4/2018,2.748500108718872
12/6/2018,2.740499973297119
12/7/2018,2.757499933242798
12/10/2018,2.7184998989105225
12/11/2018,2.7660000324249268
12/12/2018,2.7685000896453857
12/13/2018,2.762500047683716
12/14/2018,2.760499954223633
12/17/2018,2.753000020980835
12/18/2018,2.6710000038146973
12/19/2018,2.7214999198913574
12/20/2018,2.7019999027252197
12/21/2018,2.678499937057495
12/24/2018,2.6684999465942383
12/26/2018,2.7084999084472656
12/27/2018,2.6675000190734863
12/28/2018,2.678999900817871
12/31/2018,2.628000020980835
1/2/2019,2.625
1/3/2019,2.570499897003174
1/4/2019,2.6514999866485596
1/7/2019,2.6410000324249268
1/8/2019,2.6605000495910645
1/9/2019,2.6619999408721924
1/10/2019,2.6435000896453857
1/11/2019,2.6695001125335693
1/14/2019,2.6454999446868896
1/15/2019,2.6505000591278076
1/16/2019,2.693500042
1/17/2019,2.700000047683716
1/18/2019,2.740999937057495
1/22/2019,2.688999891281128
1/23/2019,2.694000005722046
1/24/2019,2.6735000610351562
1/25/2019,2.737999916
1/28/2019,2.6875
1/29/2019,2.7320001125335693
1/30/2019,2.7730000019073486
1/31/2019,2.7890000343322754
2/1/2019,2.7750000953674316
2/4/2019,2.7950000762939453
2/5/2019,2.816999912261963
2/6/2019,2.8355000019073486
2/7/2019,2.8285000324249268
2/8/2019,2.809999942779541
2/11/2019,2.7915000915527344
2/12/2019,2.7744998931884766
2/13/2019,2.7739999294281006
2/14/2019,2.7760000228881836
2/15/2019,2.802500009536743
2/19/2019,2.881500005722046
2/20/2019,2.930000066757202
2/21/2019,2.9024999141693115
2/22/2019,2.9609999656677246
2/25/2019,2.950000047683716
2/26/2019,2.944000005722046
2/27/2019,2.9590001106262207
2/28/2019,2.950000047683716
3/1/2019,2.933500051498413
3/4/2019,2.9110000133514404
3/5/2019,2.936000108718872
3/6/2019,2.9184999465942383
3/7/2019,2.9114999771118164
3/8/2019,2.8940000534057617
3/11/2019,2.9000000953674316
3/12/2019,2.927500009536743
3/13/2019,2.933500051498413
3/14/2019,2.8884999752044678
3/15/2019,2.9035000801086426
3/18/2019,2.9035000801086426
3/19/2019,2.9195001125335693
3/20/2019,2.9154999256134033
3/21/2019,2.9000000953674316
3/22/2019,2.8359999656677246
3/25/2019,2.8494999408721924
3/26/2019,2.8505001068115234
3/27/2019,2.8580000400543213
3/28/2019,2.868499994277954
3/29/2019,2.936000108718872
4/1/2019,2.9205000400543213
4/2/2019,2.9040000438690186
4/3/2019,2.946500062942505
4/4/2019,2.9084999561309814
4/5/2019,2.8924999237060547
4/8/2019,2.929500102996826
4/9/2019,2.931499958
4/10/2019,2.922499895095825
4/11/2019,2.885999917984009
4/12/2019,2.946000099182129
4/15/2019,2.934000015258789
4/16/2019,2.930500030517578
4/17/2019,2.9755001068115234
4/18/2019,2.927500009536743
4/22/2019,2.9065001010894775
4/23/2019,2.8984999656677246
4/24/2019,2.9175000190734863
4/25/2019,2.877500057220459
4/26/2019,2.9700000286102295
4/29/2019,2.8949999809265137
4/30/2019,2.9014999866485596
5/1/2019,2.802999973297119
5/2/2019,2.7839999198913574
5/3/2019,2.825000047683716
5/6/2019,2.8369998931884766
5/7/2019,2.7939999103546143
5/8/2019,2.7855000495910645
5/9/2019,2.7834999561309814
5/10/2019,2.7850000858306885
5/13/2019,2.7295000553131104
5/14/2019,2.734499931335449
5/15/2019,2.753499984741211
5/16/2019,2.758500099182129
5/17/2019,2.747999906539917
5/20/2019,2.7360000610351562
5/21/2019,2.7235000133514404
5/22/2019,2.686000108718872
5/23/2019,2.686500072479248
5/24/2019,2.7065000534057617
5/28/2019,2.7035000324249268
5/29/2019,2.672499895095825
5/30/2019,2.6605000495910645
5/31/2019,2.6459999084472656
6/3/2019,2.6554999351501465
6/4/2019,2.6735000610351562
6/5/2019,2.627000093460083
6/6/2019,2.6540000438690186
6/7/2019,2.630500078201294
6/10/2019,2.6640000343322754
6/11/2019,2.675499916
6/12/2019,2.6589999198913574
6/13/2019,2.6610000133514404
6/14/2019,2.634500026702881
6/17/2019,2.6510000228881836
6/18/2019,2.7070000171661377
6/19/2019,2.684499979019165
6/20/2019,2.7155001163482666
6/21/2019,2.7060000896453857
6/24/2019,2.7054998874664307
6/25/2019,2.7355000972747803
6/26/2019,2.7109999656677246
6/27/2019,2.7125000953674316
6/28/2019,2.7054998874664307
7/1/2019,2.679500102996826
7/2/2019,2.6575000286102295
7/3/2019,2.679500102996826
7/5/2019,2.6584999561309814
7/8/2019,2.6559998989105225
7/9/2019,2.624500036239624
7/10/2019,2.693000078201294
7/11/2019,2.682499885559082
7/12/2019,2.691499948501587
7/15/2019,2.7074999809265137
7/16/2019,2.693500042
7/17/2019,2.7100000381469727
7/18/2019,2.7039999961853027
7/19/2019,2.744499921798706
7/22/2019,2.7144999504089355
7/23/2019,2.694000005722046
7/24/2019,2.7039999961853027
7/25/2019,2.695499897003174
7/26/2019,2.676500082015991
7/29/2019,2.7095000743865967
7/30/2019,2.6705000400543213
7/31/2019,2.6579999923706055
8/1/2019,2.6600000858306885
8/2/2019,2.565000057220459
8/5/2019,2.5369999408721924
8/6/2019,2.5510001182556152
8/7/2019,2.565000057220459
8/8/2019,2.6019999980926514
8/9/2019,2.5840001106262207
8/12/2019,2.5799999237060547
8/13/2019,2.624500036239624
8/14/2019,2.5864999294281006
8/15/2019,2.5894999504089355
8/16/2019,2.5899999141693115
8/19/2019,2.5969998836517334
8/20/2019,2.5739998817443848
8/21/2019,2.5815000534057617
8/22/2019,2.553499937057495
8/23/2019,2.5260000228881836
8/26/2019,2.5399999618530273
8/27/2019,2.5434999465942383
8/28/2019,2.5510001182556152
8/29/2019,2.559499979019165
8/30/2019,2.5329999923706055
9/3/2019,2.512500047683716
9/4/2019,2.5789999961853027
9/5/2019,2.624500036239624
9/6/2019,2.615499973297119
9/9/2019,2.6105000972747803
9/10/2019,2.6105000972747803
9/11/2019,2.5975000858306885
9/12/2019,2.623500108718872
9/13/2019,2.680999994277954
9/16/2019,2.621000051498413
9/17/2019,2.609499931335449
9/18/2019,2.5954999923706055
9/19/2019,2.5910000801086426
9/20/2019,2.5899999141693115
9/23/2019,2.5945000648498535
9/24/2019,2.5894999504089355
9/25/2019,2.5950000286102295
9/26/2019,2.559999942779541
9/27/2019,2.5829999446868896
9/30/2019,2.564500093460083
10/1/2019,2.552000045776367
10/2/2019,2.561500072479248
10/3/2019,2.5455000400543213
10/4/2019,2.555500030517578
10/7/2019,2.572000026702881
10/8/2019,2.563499927520752
10/9/2019,2.562000036239624
10/10/2019,2.6050000190734863
10/11/2019,2.618499994277954
10/14/2019,2.623500108718872
10/15/2019,2.6040000915527344
10/16/2019,2.5794999599456787
10/17/2019,2.5869998931884766
10/18/2019,2.625
10/21/2019,2.634999990463257
10/22/2019,2.621999979019165
10/23/2019,2.6624999046325684
10/24/2019,2.6589999198913574
10/25/2019,2.6665000915527344
10/28/2019,2.672499895095825
10/29/2019,2.682499885559082
10/30/2019,2.680500030517578
10/31/2019,2.632999897003174
11/1/2019,2.6510000228881836
11/4/2019,2.6670000553131104
11/5/2019,2.694999933242798
11/6/2019,2.6610000133514404
11/7/2019,2.7239999771118164
11/8/2019,2.677999973297119
11/11/2019,2.6600000858306885
11/12/2019,2.6419999599456787
11/13/2019,2.6364998817443848
11/14/2019,2.618499994277954
11/15/2019,2.634999990463257
11/18/2019,2.617500066757202
11/19/2019,2.6535000801086426
11/20/2019,2.6465001106262207
11/21/2019,2.621000051498413
11/22/2019,2.6475000381469727
11/25/2019,2.6475000381469727
11/26/2019,2.674499988555908
11/27/2019,2.674499988555908
11/29/2019,2.6419999599456787
12/2/2019,2.632499933242798
12/3/2019,2.6080000400543213
12/4/2019,2.6440000534057617
12/5/2019,2.6484999656677246
12/6/2019,2.7109999656677246
12/9/2019,2.746500015258789
12/10/2019,2.755500078201294
12/11/2019,2.7825000286102295
12/12/2019,2.7894999980926514
12/13/2019,2.7804999351501465
12/16/2019,2.820499897003174
12/17/2019,2.819499969482422
12/18/2019,2.816999912261963
12/19/2019,2.8315000534057617
12/20/2019,2.811000108718872
12/23/2019,2.816999912261963
12/24/2019,2.8385000228881836
12/26/2019,2.864500045776367
12/27/2019,2.8364999294281006
12/30/2019,2.827500104904175
12/31/2019,2.7939999103546143
1/2/2020,2.8329999446868896
1/3/2020,2.7985000610351562
1/6/2020,2.800499916
1/7/2020,2.803999900817871
1/8/2020,2.819000005722046
1/9/2020,2.810499906539917
1/10/2020,2.818500042
1/13/2020,2.8615000247955322
1/14/2020,2.875999927520752
1/15/2020,2.869999885559082
1/16/2020,2.8519999980926514
1/17/2020,2.8494999408721924
1/21/2020,2.7985000610351562
1/22/2020,2.7669999599456787
1/23/2020,2.7260000705718994
1/24/2020,2.685499906539917
1/27/2020,2.5964999198913574
1/28/2020,2.5794999599456787
1/29/2020,2.553499937057495
1/30/2020,2.5234999656677246
1/31/2020,2.5199999809265137
2/3/2020,2.513000011444092
2/4/2020,2.547499895095825
2/5/2020,2.5789999961853027
2/6/2020,2.5985000133514404
2/7/2020,2.559000015258789
2/10/2020,2.557499885559082
2/11/2020,2.5885000228881836
2/12/2020,2.6059999465942383
2/13/2020,2.619499921798706
2/14/2020,2.6054999828338623
2/18/2020,2.609999895095825
2/19/2020,2.612499952316284
2/20/2020,2.5950000286102295
2/21/2020,2.618000030517578
2/24/2020,2.5924999713897705
2/25/2020,2.5964999198913574
2/26/2020,2.5764999389648438
2/27/2020,2.571500062942505
2/28/2020,2.5460000038146973
3/2/2020,2.6010000705718994
3/3/2020,2.5794999599456787
3/4/2020,2.5929999351501465
3/5/2020,2.5824999809265137
3/6/2020,2.572999954223633
3/9/2020,2.5239999294281006
3/10/2020,2.5339999198913574
3/11/2020,2.512000084
3/12/2020,2.4809999465942383
3/13/2020,2.4739999771118164
3/16/2020,2.3984999656677246
3/17/2020,2.315500020980835
3/18/2020,2.1605000495910645
3/19/2020,2.200000047683716
3/20/2020,2.190500020980835
3/23/2020,2.119499921798706
3/24/2020,2.197499990463257
3/25/2020,2.2339999675750732
3/26/2020,2.2079999446868896
3/27/2020,2.197000026702881
3/30/2020,2.1619999408721924
3/31/2020,2.240000009536743
4/1/2020,2.191999912261963
4/2/2020,2.2330000400543213
4/3/2020,2.2100000381469727
4/6/2020,2.234999895095825
4/7/2020,2.2885000705718994
4/8/2020,2.2780001163482666
4/9/2020,2.2774999141693115
4/13/2020,2.320499897003174
4/14/2020,2.3469998836517334
4/15/2020,2.3125
4/16/2020,2.304500102996826
4/17/2020,2.3534998893737793
4/20/2020,2.3345000743865967
4/21/2020,2.2669999599456787
4/22/2020,2.317500114440918
4/23/2020,2.3239998817443848
4/24/2020,2.3480000495910645
4/27/2020,2.381999969482422
4/28/2020,2.378999948501587
4/29/2020,2.374500036239624
4/30/2020,2.3540000915527344
5/1/2020,2.318500042
5/4/2020,2.3239998817443848
5/5/2020,2.3410000801086426
5/6/2020,2.3524999618530273
5/7/2020,2.385499954223633
5/8/2020,2.4084999561309814
5/11/2020,2.381999969482422
5/12/2020,2.3605000972747803
5/13/2020,2.3489999771118164
5/14/2020,2.3510000705718994
5/15/2020,2.3334999084472656
5/18/2020,2.4049999713897705
5/19/2020,2.4230000972747803
5/20/2020,2.4674999713897705
5/21/2020,2.4519999027252197
5/22/2020,2.4089999198913574
5/26/2020,2.438499927520752
5/27/2020,2.4024999141693115
5/28/2020,2.4130001068115234
5/29/2020,2.426500082015991
6/1/2020,2.4744999408721924
6/2/2020,2.494499921798706
6/3/2020,2.496500015258789
6/4/2020,2.493000030517578
6/5/2020,2.556999921798706
6/8/2020,2.569999933242798
6/9/2020,2.6005001068115234
6/10/2020,2.6570000648498535
6/11/2020,2.5864999294281006
6/12/2020,2.6015000343322754
6/15/2020,2.568500042
6/16/2020,2.565999984741211
6/17/2020,2.5920000076293945
6/18/2020,2.5910000801086426
6/19/2020,2.615000009536743
6/22/2020,2.6554999351501465
6/23/2020,2.6600000858306885
6/24/2020,2.6505000591278076
6/25/2020,2.6624999046325684
6/26/2020,2.671999931335449
6/29/2020,2.679500102996826
6/30/2020,2.7135000228881836
7/1/2020,2.7170000076293945
7/2/2020,2.7335000038146973
7/6/2020,2.7660000324249268
7/7/2020,2.7874999046325684
7/8/2020,2.814500093460083
7/9/2020,2.828000068664551
7/10/2020,2.887000084
7/13/2020,2.941999912261963
7/14/2020,2.9159998893737793
7/15/2020,2.870500087738037
7/16/2020,2.885999917984009
7/17/2020,2.887500047683716
7/20/2020,2.8984999656677246
7/21/2020,2.940999984741211
7/22/2020,2.9084999561309814
7/23/2020,2.924499988555908
7/24/2020,2.881999969482422
7/27/2020,2.888000011444092
7/28/2020,2.9049999713897705
7/29/2020,2.9054999351501465
7/30/2020,2.9045000076293945
7/31/2020,2.8589999675750732
8/3/2020,2.9079999923706055
8/4/2020,2.8894999027252197
8/5/2020,2.9114999771118164
8/6/2020,2.9054999351501465
8/7/2020,2.7904999256134033
8/10/2020,2.8585000038146973
8/11/2020,2.871999979019165
8/12/2020,2.887000084
8/13/2020,2.803999900817871
8/14/2020,2.8559999465942383
8/17/2020,2.8980000019073486
8/18/2020,2.9709999561309814
8/19/2020,3.0190000534057617
8/20/2020,2.9700000286102295
8/21/2020,2.9135000705718994
8/24/2020,2.922499895095825
8/25/2020,2.930999994277954
8/26/2020,2.9595000743865967
8/27/2020,2.9649999141693115
8/28/2020,2.994999885559082
8/31/2020,3.0409998893737793
9/1/2020,3.009500026702881
9/2/2020,3.003000020980835
9/3/2020,2.9579999446868896
9/4/2020,3.0464999675750732
9/8/2020,3.012500047683716
9/9/2020,3.0399999618530273
9/10/2020,2.986999988555908
9/11/2020,3.0339999198913574
9/14/2020,3.066499948501587
9/15/2020,3.062999963760376
9/16/2020,3.058000087738037
9/17/2020,3.066499948501587
9/18/2020,3.1135001182556152
9/21/2020,3.0295000076293945
9/22/2020,3.059000015258789
9/23/2020,2.993499994277954
9/24/2020,2.9690001010894775
9/25/2020,2.9730000495910645
9/28/2020,2.989500045776367
9/29/2020,2.9835000038146973
9/30/2020,3.0285000801086426
10/1/2020,2.8635001182556152
10/2/2020,2.9784998893737793
10/5/2020,2.9649999141693115
10/6/2020,2.9655001163482666
10/7/2020,3.0344998836517334
10/8/2020,3.0420000553131104
10/9/2020,3.0794999599456787
10/12/2020,3.061000108718872
10/13/2020,3.0425000190734863
10/14/2020,3.047499895095825
10/15/2020,3.0829999446868896
10/16/2020,3.065000057220459
10/19/2020,3.0810000896453857
10/20/2020,3.1435000896453857
10/21/2020,3.194499969482422
10/22/2020,3.1500000953674316
10/23/2020,3.125499963760376
10/26/2020,3.0885000228881836
10/27/2020,3.0899999141693115
10/28/2020,3.056999921798706
10/29/2020,3.052000045776367
10/30/2020,3.0434999465942383
11/2/2020,3.073499917984009
11/3/2020,3.0869998931884766
11/4/2020,3.1010000705718994
11/5/2020,3.1045000553131104
11/6/2020,3.1489999294281006
11/9/2020,3.1514999866485596
11/10/2020,3.1505000591278076
11/11/2020,3.128999948501587
11/12/2020,3.1429998874664307
11/13/2020,3.175499916
11/16/2020,3.2200000286102295
11/17/2020,3.196500062942505
11/18/2020,3.197999954223633
11/19/2020,3.2035000324249268
11/20/2020,3.2934999465942383
11/23/2020,3.259500026702881
11/24/2020,3.299999952316284
11/25/2020,3.312000036239624
11/27/2020,3.3994998931884766
11/30/2020,3.4205000400543213
12/1/2020,3.4679999351501465
12/2/2020,3.4749999046325684
12/3/2020,3.4790000915527344
12/4/2020,3.5139999389648438
12/7/2020,3.508500099182129
12/8/2020,3.493999958
12/9/2020,3.507999897003174
12/10/2020,3.570499897003174
12/11/2020,3.5239999294281006
12/14/2020,3.5220000743865967
12/15/2020,3.5380001068115234
12/16/2020,3.553999900817871
12/17/2020,3.5969998836517334
12/18/2020,3.628499984741211
12/21/2020,3.572999954223633
12/22/2020,3.5179998874664307
12/23/2020,3.552000045776367
12/24/2020,3.559999942779541
12/28/2020,3.569999933242798
12/29/2020,3.552999973297119
12/30/2020,3.5429999828338623
12/31/2020,3.5139999389648438
1/4/2021,3.552999973297119
1/5/2021,3.640500068664551
1/6/2021,3.6500000953674316
1/7/2021,3.695499897003174
1/8/2021,3.6735000610351562
1/11/2021,3.563999891281128
1/12/2021,3.6050000190734863
1/13/2021,3.617000102996826
1/14/2021,3.6679999828338623
1/15/2021,3.6029999256134033
1/19/2021,3.635999917984009
1/20/2021,3.6475000381469727
1/21/2021,3.6554999351501465
1/22/2021,3.635499954223633
1/25/2021,3.640500068664551
1/26/2021,3.628000020980835
1/27/2021,3.571500062942505
1/28/2021,3.5829999446868896
1/29/2021,3.573499917984009
2/1/2021,3.562000036239624
2/2/2021,3.5390000343322754
2/3/2021,3.5785000324249268
2/4/2021,3.565999984741211
2/5/2021,3.6389999389648438
2/8/2021,3.678999900817871
2/9/2021,3.7335000038146973
2/10/2021,3.7855000495910645
2/11/2021,3.7874999046325684
2/12/2021,3.802000045776367
2/16/2021,3.8480000495910645
2/17/2021,3.8359999656677246
2/18/2021,3.9165000915527344
2/19/2021,4.090000152587891
2/22/2021,4.152500152587891
2/23/2021,4.1875
2/24/2021,4.301000118255615
2/25/2021,4.265999794006348
2/26/2021,4.0945000648498535
3/1/2021,4.119500160217285
3/2/2021,4.231500148773193
3/3/2021,4.1529998779296875
3/4/2021,3.990999937057495
3/5/2021,4.086999893188477
3/8/2021,4.103499889373779
3/9/2021,4.019499778747559
3/10/2021,4.041999816894531
3/11/2021,4.143000126
3/12/2021,4.145500183105469
3/15/2021,4.146500110626221
3/16/2021,4.078999996185303
3/17/2021,4.127999782562256
3/18/2021,4.117000102996826
3/19/2021,4.123499870300293
3/22/2021,4.149000168
3/23/2021,4.0879998207092285
3/24/2021,4.071499824523926
3/25/2021,3.984999895095825
3/26/2021,4.078499794006348
3/29/2021,4.043000221252441
3/30/2021,3.9830000400543213
3/31/2021,4.002999782562256
4/1/2021,4.003499984741211
4/5/2021,4.149000168
4/6/2021,4.126500129699707
4/7/2021,4.064000129699707
4/8/2021,4.103499889373779
4/9/2021,4.050499916
4/12/2021,4.03000021
4/13/2021,4.043000221252441
4/14/2021,4.139999866485596
4/15/2021,4.230500221252441
4/16/2021,4.179999828338623
4/19/2021,4.25
4/20/2021,4.223999977111816
4/21/2021,4.286499977111816
4/22/2021,4.2804999351501465
4/23/2021,4.3429999351501465
4/26/2021,4.447999954223633
4/27/2021,4.743000030517578
4/28/2021,4.5370001792907715
4/29/2021,4.493000030517578
4/30/2021,4.479000091552734
5/3/2021,4.543000221252441
5/4/2021,4.535999774932861
5/5/2021,4.539000034332275
5/6/2021,4.618999958
5/7/2021,4.765999794006348
5/10/2021,4.733500003814697
5/11/2021,4.778500080108643
5/12/2021,4.752500057220459
5/13/2021,4.705500126
5/14/2021,4.664000034332275
5/17/2021,4.721499919891357
5/18/2021,4.735499858856201
5/19/2021,4.5894999504089355
5/20/2021,4.581999778747559
5/21/2021,4.495999813079834
5/24/2021,4.541500091552734
5/25/2021,4.521999835968018
5/26/2021,4.5329999923706055
5/27/2021,4.666500091552734
5/28/2021,4.682499885559082
6/1/2021,4.6620001792907715
6/2/2021,4.599999904632568
6/3/2021,4.471499919891357
6/4/2021,4.537499904632568
6/7/2021,4.534999847412109
6/8/2021,4.563000202178955
6/9/2021,4.536499977111816
6/10/2021,4.489999771118164
6/11/2021,4.541500091552734
6/14/2021,4.5320000648498535
6/15/2021,4.340000152587891
6/16/2021,4.392499923706055
6/17/2021,4.184500217437744
6/18/2021,4.162499904632568
6/21/2021,4.1875
6/22/2021,4.234499931335449
6/23/2021,4.330999851226807
6/24/2021,4.311500072479248
6/25/2021,4.298999786376953
6/28/2021,4.2779998779296875
6/29/2021,4.276500225067139
6/30/2021,4.296500205993652
7/1/2021,4.242000102996826
7/2/2021,4.2820000648498535
7/6/2021,4.257999897003174
7/7/2021,4.328999996185303
7/8/2021,4.271500110626221
7/9/2021,4.352499961853027
7/12/2021,4.322999954223633
7/13/2021,4.314499855041504
7/14/2021,4.2769999504089355
7/15/2021,4.333000183105469
7/16/2021,4.332499980926514
7/19/2021,4.2104997634887695
7/20/2021,4.273499965667725
7/21/2021,4.28249979
7/22/2021,4.3480000495910645
7/23/2021,4.406499862670898
7/26/2021,4.589000225067139
7/27/2021,4.546000003814697
7/28/2021,4.479000091552734
7/29/2021,4.519999980926514
7/30/2021,4.480500221252441
8/2/2021,4.432000160217285
8/3/2021,4.382999897003174
8/4/2021,4.329999923706055
8/5/2021,4.3454999923706055
8/6/2021,4.3454999923706055
8/9/2021,4.2870001792907715
8/10/2021,4.351500034332275
8/11/2021,4.363999843597412
8/12/2021,4.355999946594238
8/13/2021,4.387000084
8/16/2021,4.322000026702881
8/17/2021,4.199999809265137
8/18/2021,4.116000175476074
8/19/2021,4.038499832
8/20/2021,4.134500026702881
8/23/2021,4.234499931335449
8/24/2021,4.255000114440918
8/25/2021,4.264999866485596
8/26/2021,4.245999813079834
8/27/2021,4.316500186920166
8/30/2021,4.361000061035156
8/31/2021,4.360000133514404
9/1/2021,4.263000011444092
9/2/2021,4.289999961853027
9/3/2021,4.325500011444092
9/7/2021,4.277500152587891
9/8/2021,4.231999874
9/9/2021,4.2835001945495605
9/10/2021,4.447999954223633
9/13/2021,4.363500118255615
9/14/2021,4.317999839782715
9/15/2021,4.403500080108643
9/16/2021,4.278500080108643
9/17/2021,4.245500087738037
9/20/2021,4.117000102996826
9/21/2021,4.127999782562256
9/22/2021,4.252500057220459
9/23/2021,4.230999946594238
9/24/2021,4.287499904632568
9/27/2021,4.293499946594238
9/28/2021,4.244999885559082
9/29/2021,4.199999809265137
9/30/2021,4.090000152587891
10/1/2021,4.193500042
10/4/2021,4.246500015258789
10/5/2021,4.202000141143799
10/6/2021,4.1570000648498535
10/7/2021,4.250999927520752
10/8/2021,4.2829999923706055
10/11/2021,4.374499797821045
10/12/2021,4.328999996185303
10/13/2021,4.520500183105469
10/14/2021,4.631499767303467
10/15/2021,4.734000205993652
10/18/2021,4.730500221252441
10/19/2021,4.714000225067139
10/20/2021,4.756000042
10/21/2021,4.586500168
10/22/2021,4.526000022888184
10/25/2021,4.551499843597412
10/26/2021,4.486499786376953
10/27/2021,4.387000084
10/28/2021,4.4375
10/29/2021,4.375500202178955
11/1/2021,4.4019999504089355
11/2/2021,4.374000072479248
11/3/2021,4.326000213623047
11/4/2021,4.326000213623047
11/5/2021,4.348999977111816
11/8/2021,4.40500021
11/9/2021,4.380000114440918
11/10/2021,4.328000068664551
11/11/2021,4.4045000076293945
11/12/2021,4.455500126
11/15/2021,4.4070000648498535
11/16/2021,4.358500003814697
11/17/2021,4.2729997634887695
11/18/2021,4.309999942779541
11/19/2021,4.4085001945495605
11/22/2021,4.395500183105469
11/23/2021,4.423500061035156
11/24/2021,4.458000183105469
11/26/2021,4.281499862670898
11/29/2021,4.336999893188477
11/30/2021,4.2779998779296875
12/1/2021,4.247499942779541
12/2/2021,4.298999786376953
12/3/2021,4.266499996185303
12/6/2021,4.336999893188477
12/7/2021,4.3379998207092285
12/8/2021,4.390999794006348
12/9/2021,4.329999923706055
12/10/2021,4.2829999923706055
12/13/2021,4.28000021
12/14/2021,4.254000186920166
12/15/2021,4.179500102996826
12/16/2021,4.300499916
12/17/2021,4.290999889373779
12/20/2021,4.288000106811523
12/21/2021,4.3379998207092285
12/22/2021,4.389500141143799
12/23/2021,4.387000084
12/27/2021,4.465000152587891
12/28/2021,4.420000076293945
12/29/2021,4.4019999504089355
12/30/2021,4.384500026702881
12/31/2021,4.454999923706055
1/3/2022,4.4145002365112305
1/4/2022,4.466000080108643
1/5/2022,4.4045000076293945
1/6/2022,4.3480000495910645
1/7/2022,4.4029998779296875
1/10/2022,4.3445000648498535
1/11/2022,4.420499801635742
1/12/2022,4.564000129699707
1/13/2022,4.533999919891357
1/14/2022,4.411499977111816
1/18/2022,4.375999927520752
1/19/2022,4.462500095367432
1/20/2022,4.576499938964844
1/21/2022,4.512499809265137
1/24/2022,4.4029998779296875
1/25/2022,4.442999839782715
1/26/2022,4.504499912261963
1/27/2022,4.413000106811523
1/28/2022,4.302999973297119
1/31/2022,4.317999839782715
2/1/2022,4.428999900817871
2/2/2022,4.491000175476074
2/3/2022,4.4664998054504395
2/4/2022,4.483500003814697
2/7/2022,4.461500168
2/8/2022,4.459499835968018
2/9/2022,4.600500106811523
2/10/2022,4.65749979
2/11/2022,4.505000114440918
2/14/2022,4.507500171661377
2/15/2022,4.531499862670898
2/16/2022,4.540500164031982
2/17/2022,4.525000095367432
2/18/2022,4.519499778747559
2/22/2022,4.510000228881836
2/23/2022,4.481500148773193
2/24/2022,4.453999996185303
2/25/2022,4.4720001220703125
2/28/2022,4.444499969482422
3/1/2022,4.586500168
3/2/2022,4.6554999351501465
3/3/2022,4.771500110626221
3/4/2022,4.928999900817871
3/7/2022,4.7220001220703125
3/8/2022,4.700500011444092
3/9/2022,4.564000129699707
3/10/2022,4.643499851226807
3/11/2022,4.616000175476074
3/14/2022,4.512499809265137
3/15/2022,4.501500129699707
3/16/2022,4.5879998207092285
3/17/2022,4.690499782562256
3/18/2022,4.730500221252441
3/21/2022,4.701499938964844
3/22/2022,4.689000129699707
3/23/2022,4.762499809265137
3/24/2022,4.729000091552734
3/25/2022,4.685999870300293
3/28/2022,4.714000225067139
3/29/2022,4.7164998054504395
3/30/2022,4.739500045776367
3/31/2022,4.743000030517578
4/1/2022,4.682499885559082
4/4/2022,4.776500225067139
4/5/2022,4.790999889373779
4/6/2022,4.733500003814697
4/7/2022,4.695000171661377
4/8/2022,4.71999979
4/11/2022,4.628499984741211
4/12/2022,4.703999996185303
4/13/2022,4.706999778747559
4/14/2022,4.7170000076293945
4/18/2022,4.796000003814697
4/19/2022,4.714000225067139
4/20/2022,4.649499893188477
4/21/2022,4.703499794006348
4/22/2022,4.582499980926514
4/25/2022,4.448999881744385
4/26/2022,4.440000057220459
4/27/2022,4.454500198364258
4/28/2022,4.413499832
4/29/2022,4.394999980926514
5/2/2022,4.255499839782715
5/3/2022,4.270999908447266
5/4/2022,4.328499794006348
5/5/2022,4.284999847412109
5/6/2022,4.261499881744385
5/9/2022,4.192999839782715
5/10/2022,4.1545000076293945
5/11/2022,4.212500095367432
5/12/2022,4.105000019073486
5/13/2022,4.180500030517578
5/16/2022,4.196499824523926
5/17/2022,4.239500045776367
5/18/2022,4.182000160217285
5/19/2022,4.284999847412109
5/20/2022,4.281000137329102
5/23/2022,4.347499847412109
5/24/2022,4.325500011444092
5/25/2022,4.2769999504089355
5/26/2022,4.255000114440918
5/27/2022,4.303999900817871
5/31/2022,4.295000076293945
6/1/2022,4.329999923706055
6/2/2022,4.553999900817871
6/3/2022,4.477499961853027
6/6/2022,4.439499855041504
6/7/2022,4.439499855041504
6/8/2022,4.458499908447266
6/9/2022,4.388999938964844
6/10/2022,4.301000118255615
6/13/2022,4.2164998054504395
6/14/2022,4.161499977111816
6/15/2022,4.167500019073486
6/16/2022,4.111999988555908
6/17/2022,4.017499923706055
6/21/2022,4.043000221252441
6/22/2022,3.9514999389648438
6/23/2022,3.758500099182129
6/24/2022,3.759999990463257
6/27/2022,3.7790000438690186
6/28/2022,3.7839999198913574
6/29/2022,3.7790000438690186
6/30/2022,3.7144999504089355
7/1/2022,3.618999958
7/5/2022,3.424999952316284
7/6/2022,3.4179999828338623
7/7/2022,3.5820000171661377
7/8/2022,3.5320000648498535
7/11/2022,3.4375
7/12/2022,3.2964999675750732
7/13/2022,3.325500011444092
7/14/2022,3.2105000019073486
7/15/2022,3.234499931335449
7/18/2022,3.3480000495910645
7/19/2022,3.2915000915527344
7/20/2022,3.3294999599456787
7/21/2022,3.302000045776367
7/22/2022,3.3485000133514404
7/25/2022,3.3510000705718994
7/26/2022,3.382499933242798
7/27/2022,3.429500102996826
7/28/2022,3.4749999046325684
7/29/2022,3.5840001106262207
8/1/2022,3.552000045776367
8/2/2022,3.5244998931884766
8/3/2022,3.4695000648498535
8/4/2022,3.4830000400543213
8/5/2022,3.552999973297119
8/8/2022,3.5875000953674316
8/9/2022,3.5924999713897705
8/10/2022,3.6554999351501465
8/11/2022,3.7105000019073486
8/12/2022,3.6760001182556152
8/15/2022,3.628999948501587
8/16/2022,3.6364998817443848
8/17/2022,3.5980000495910645
8/18/2022,3.6465001106262207
8/19/2022,3.683500051498413
8/22/2022,3.6705000400543213
8/23/2022,3.7044999599456787
8/24/2022,3.6605000495910645
8/25/2022,3.7105000019073486
8/26/2022,3.7114999294281006
8/29/2022,3.626499891281128
8/30/2022,3.5450000762939453
8/31/2022,3.5185000896453857
9/1/2022,3.4144999980926514
9/2/2022,3.4214999675750732
9/6/2022,3.4690001010894775
9/7/2022,3.437999963760376
9/8/2022,3.5360000133514404
9/9/2022,3.5810000896453857
9/12/2022,3.625499963760376
9/13/2022,3.5810000896453857
9/14/2022,3.5455000400543213
9/15/2022,3.5234999656677246
9/16/2022,3.561000108718872
9/19/2022,3.557499885559082
9/20/2022,3.5480000972747803
9/21/2022,3.512000084
9/22/2022,3.498500108718872
9/23/2022,3.371500015258789
9/26/2022,3.313499927520752
9/27/2022,3.322999954223633
9/28/2022,3.381999969482422
9/29/2022,3.440000057220459
9/30/2022,3.441999912261963
10/3/2022,3.4579999446868896
10/4/2022,3.5179998874664307
10/5/2022,3.5325000286102295
10/6/2022,3.4749999046325684
10/7/2022,3.4124999046325684
10/10/2022,3.4535000324249268
10/11/2022,3.4779999256134033
10/12/2022,3.444499969482422
10/13/2022,3.4674999713897705
10/14/2022,3.450500011444092
10/17/2022,3.4554998874664307
10/18/2022,3.4065001010894775
10/19/2022,3.3605000972747803
10/20/2022,3.4509999752044678
10/21/2022,3.5230000019073486
10/24/2022,3.4795000553131104
10/25/2022,3.450500011444092
10/26/2022,3.629499912261963
10/27/2022,3.625499963760376
10/28/2022,3.4660000801086426
10/31/2022,3.4135000705718994
11/1/2022,3.509500026702881
11/2/2022,3.505500078201294
11/3/2022,3.4565000534057617
11/4/2022,3.7144999504089355
11/7/2022,3.629499912261963
11/8/2022,3.7054998874664307
11/9/2022,3.741499900817871
11/10/2022,3.7960000038146973
11/11/2022,3.9509999752044678
11/14/2022,3.8550000190734863
11/15/2022,3.8394999504089355
11/16/2022,3.7880001068115234
11/17/2022,3.689500093460083
11/18/2022,3.631999969482422
11/21/2022,3.571500062942505
11/22/2022,3.614500045776367
11/23/2022,3.617500066757202
11/25/2022,3.626499891281128
11/28/2022,3.6105000972747803
11/29/2022,3.630000114440918
11/30/2022,3.7295000553131104
12/1/2022,3.813999891281128
12/2/2022,3.8480000495910645
12/5/2022,3.7894999980926514
12/6/2022,3.811500072479248
12/7/2022,3.8554999828338623
12/8/2022,3.880500078201294
12/9/2022,3.875999927520752
12/12/2022,3.7985000610351562
12/13/2022,3.8394999504089355
12/14/2022,3.875
12/15/2022,3.763000011444092
12/16/2022,3.7614998817443848
12/19/2022,3.7829999923706055
12/20/2022,3.797499895095825
12/21/2022,3.805999994277954
12/22/2022,3.751499891281128
12/23/2022,3.802999973297119
12/27/2022,3.8334999084472656
12/28/2022,3.8320000171661377
12/29/2022,3.821000099182129
12/30/2022,3.805500030517578
1/3/2023,3.7660000324249268
1/4/2023,3.739500045776367
1/5/2023,3.818000078201294
1/6/2023,3.9084999561309814
1/9/2023,4.018499851226807
1/10/2023,4.066999912261963
1/11/2023,4.1545000076293945
1/12/2023,4.185999870300293
1/13/2023,4.207499980926514
1/17/2023,4.215000152587891
1/18/2023,4.228499889373779
1/19/2023,4.226500034332275
1/20/2023,4.248499870300293
1/23/2023,4.254000186920166
1/24/2023,4.245500087738037
1/25/2023,4.239999771118164
1/26/2023,4.267000198364258
1/27/2023,4.223999977111816
1/30/2023,4.203499794006348
1/31/2023,4.228499889373779
2/1/2023,4.111000061035156
2/2/2023,4.093999862670898
2/3/2023,4.063000202178955
2/6/2023,4.043499946594238
2/7/2023,4.088500022888184
2/8/2023,4.043499946594238
2/9/2023,4.105500221252441
2/10/2023,4.027500152587891
2/13/2023,4.086999893188477
2/14/2023,4.110000133514404
2/15/2023,4.052000045776367
2/16/2023,4.165500164031982
2/17/2023,4.113999843597412
2/21/2023,4.234499931335449
2/22/2023,4.202499866485596
2/23/2023,4.072999954223633
2/24/2023,3.9549999237060547
2/27/2023,4.008999824523926
2/28/2023,4.097499847412109
3/1/2023,4.168000221252441
3/2/2023,4.084000110626221
3/3/2023,4.078000068664551
3/6/2023,4.100500106811523
3/7/2023,3.9865000247955322
3/8/2023,4.041500091552734
3/9/2023,4.054500102996826
3/10/2023,4.045499801635742
3/13/2023,4.069499969482422
3/14/2023,4.010499954223633
3/15/2023,3.8564999103546143
3/16/2023,3.885499954223633
3/17/2023,3.9135000705718994
3/20/2023,3.9755001068115234
3/21/2023,4.018499851226807
3/22/2023,4.068500042
3/23/2023,4.145999908447266
3/24/2023,4.101500034332275
3/27/2023,4.104499816894531
3/28/2023,4.111999988555908
3/29/2023,4.114999771118164
3/30/2023,4.0904998779296875
3/31/2023,4.104499816894531
4/3/2023,4.059500217437744
4/4/2023,3.9835000038146973
4/5/2023,3.997999906539917
4/6/2023,4.026000022888184
4/10/2023,3.9865000247955322
4/11/2023,4.024499893188477
4/12/2023,4.084499835968018
4/13/2023,4.124000072479248
4/14/2023,4.107500076293945
4/17/2023,4.065999984741211
4/18/2023,4.0894999504089355
4/19/2023,4.072000026702881
4/20/2023,4.021999835968018
4/21/2023,3.9800000190734863
4/24/2023,3.953000068664551
4/25/2023,3.8459999561309814
4/26/2023,3.8499999046325684
4/27/2023,3.864500045776367
4/28/2023,3.869999885559082
5/1/2023,3.9170000553131104
5/2/2023,3.8480000495910645
5/3/2023,3.8315000534057617
5/4/2023,3.8499999046325684
5/5/2023,3.871500015258789
5/8/2023,3.9179999828338623
5/9/2023,3.8889999389648438
5/10/2023,3.828000068664551
5/11/2023,3.697499990463257
5/12/2023,3.7165000438690186
5/15/2023,3.737499952316284
5/16/2023,3.6545000076293945
5/17/2023,3.743000030517578
5/18/2023,3.681499958
5/19/2023,3.7225000858306885
5/22/2023,3.6740000247955322
5/23/2023,3.6414999961853027
5/24/2023,3.553499937057495
5/25/2023,3.5804998874664307
5/26/2023,3.6735000610351562
5/30/2023,3.6579999923706055
5/31/2023,3.631000042
6/1/2023,3.7065000534057617
6/2/2023,3.7225000858306885
6/5/2023,3.762500047683716
6/6/2023,3.7669999599456787
6/7/2023,3.754499912261963
6/8/2023,3.7964999675750732
6/9/2023,3.7890000343322754
6/12/2023,3.750499963760376
6/13/2023,3.8285000324249268
6/14/2023,3.865999937057495
6/15/2023,3.8965001106262207
6/16/2023,3.884500026702881
6/20/2023,3.878499984741211
6/21/2023,3.9110000133514404
6/22/2023,3.8884999752044678
6/23/2023,3.805999994277954
6/26/2023,3.7864999771118164
6/27/2023,3.7815001010894775
6/28/2023,3.7204999923706055
6/29/2023,3.677500009536743
6/30/2023,3.740999937057495
7/3/2023,3.7790000438690186
7/5/2023,3.753499984741211
7/6/2023,3.7200000286102295
7/7/2023,3.7669999599456787
7/10/2023,3.7715001106262207
7/11/2023,3.753499984741211
7/12/2023,3.8420000076293945
7/13/2023,3.929500102996826
7/14/2023,3.921999931335449
7/17/2023,3.8320000171661377
7/18/2023,3.815999984741211
7/19/2023,3.799499988555908
7/20/2023,3.817500114440918
7/21/2023,3.802999973297119
7/24/2023,3.8405001163482666
7/25/2023,3.9019999504089355
7/26/2023,3.890500068664551
7/27/2023,3.8635001182556152
7/28/2023,3.9170000553131104
7/31/2023,3.994499921798706
8/1/2023,3.8935000896453857
8/2/2023,3.827500104904175
8/3/2023,3.875999927520752
8/4/2023,3.8450000286102295
8/7/2023,3.812999963760376
8/8/2023,3.747999906539917
8/9/2023,3.7674999237060547
8/10/2023,3.750999927520752
8/11/2023,3.7144999504089355
8/14/2023,3.7244999408721924
8/15/2023,3.6614999771118164
8/16/2023,3.6514999866485596
8/17/2023,3.685499906539917
8/18/2023,3.6989998817443848
8/21/2023,3.7119998931884766
8/22/2023,3.750499963760376
8/23/2023,3.803499937057495
8/24/2023,3.7674999237060547
8/25/2023,3.759999990463257
8/28/2023,3.753999948501587
8/29/2023,3.7929999828338623
8/30/2023,3.7850000858306885
8/31/2023,3.7725000381469727
9/1/2023,3.8125
9/5/2023,3.811000108718872
9/6/2023,3.748500108718872
9/7/2023,3.7260000705718994
9/8/2023,3.680500030517578
9/11/2023,3.7699999809265137
9/12/2023,3.752000093460083
9/13/2023,3.756000042
9/14/2023,3.7825000286102295
9/15/2023,3.7634999752044678
9/18/2023,3.741499900817871
9/19/2023,3.7139999866485596
9/20/2023,3.746500015258789
9/21/2023,3.6665000915527344
9/22/2023,3.6654999256134033
9/25/2023,3.6494998931884766
9/26/2023,3.625
9/27/2023,3.627000093460083
9/28/2023,3.694499969482422
9/29/2023,3.7260000705718994
10/2/2023,3.631999969482422
10/3/2023,3.615499973297119
10/4/2023,3.5840001106262207
10/5/2023,3.546999931335449
10/6/2023,3.624500036239624
10/9/2023,3.6424999237060547
10/10/2023,3.631999969482422
10/11/2023,3.614000082015991
10/12/2023,3.5940001010894775
10/13/2023,3.5799999237060547
10/16/2023,3.5869998931884766
10/17/2023,3.575500011444092
10/18/2023,3.5820000171661377
10/19/2023,3.5915000438690186
10/20/2023,3.5420000553131104
10/23/2023,3.572999954223633
10/24/2023,3.609999895095825
10/25/2023,3.572000026702881
10/26/2023,3.568500042
10/27/2023,3.634000062942505
10/30/2023,3.6494998931884766
10/31/2023,3.6414999961853027
11/1/2023,3.6449999809265137
11/2/2023,3.6670000553131104
11/3/2023,3.674499988555908
11/6/2023,3.7095000743865967
11/7/2023,3.6700000762939453
11/8/2023,3.628000020980835
11/9/2023,3.634999990463257
11/10/2023,3.5834999084472656
11/13/2023,3.6624999046325684
11/14/2023,3.682499885559082
11/15/2023,3.7174999713897705
11/16/2023,3.7044999599456787
11/17/2023,3.737499952316284
11/20/2023,3.8125
11/21/2023,3.814500093460083
11/22/2023,3.7664999961853027
11/23/2023,3.7790000438690186
11/24/2023,3.7964999675750732
11/27/2023,3.762500047683716
11/28/2023,3.8010001182556152
11/29/2023,3.7860000133514404
11/30/2023,3.8289999961853027
12/1/2023,3.9089999198913574
12/4/2023,3.820499897003174
12/5/2023,3.7725000381469727
12/6/2023,3.7165000438690186
12/7/2023,3.7844998836517334
12/8/2023,3.819999933242798
12/11/2023,3.7799999713897705
12/12/2023,3.7860000133514404
12/13/2023,3.7860000133514404
12/14/2023,3.8884999752044678
12/15/2023,3.884999990463257
12/18/2023,3.8480000495910645
12/19/2023,3.8959999084472656
12/20/2023,3.9014999866485596
12/21/2023,3.9084999561309814
12/22/2023,3.8954999446868896
12/26/2023,3.8954999446868896
12/27/2023,3.943500042
12/28/2023,3.9130001068115234
12/29/2023,3.880500078201294
1/2/2024,3.868999958
1/3/2024,3.8475000858306885
1/4/2024,3.8310000896453857
1/5/2024,3.7945001125335693
1/8/2024,3.799499988555908
1/9/2024,3.748500108718872
1/10/2024,3.7809998989105225
1/11/2024,3.7764999866485596
1/12/2024,3.740000009536743
1/16/2024,3.7664999961853027
1/17/2024,3.7325000762939453
1/18/2024,3.744999885559082
1/19/2024,3.7869999408721924
1/22/2024,3.7639999389648438
1/23/2024,3.7904999256134033
1/24/2024,3.882499933242798
1/25/2024,3.865499973297119
1/26/2024,3.8505001068115234
1/29/2024,3.872999906539917
1/30/2024,3.9065001010894775
1/31/2024,3.9024999141693115
2/1/2024,3.8524999618530273
2/2/2024,3.821500062942505
2/5/2024,3.7720000743865967
2/6/2024,3.7825000286102295
2/7/2024,3.737499952316284
2/8/2024,3.7054998874664307
2/9/2024,3.686000108718872
2/12/2024,3.7284998893737793
2/13/2024,3.7139999866485596
2/14/2024,3.700500011444092
2/15/2024,3.756500005722046
2/16/2024,3.8380000591278076
2/20/2024,3.866499900817871
2/21/2024,3.874500036239624
2/22/2024,3.8975000381469727
2/23/2024,3.881999969482422
2/26/2024,3.8239998817443848
2/27/2024,3.8310000896453857
2/28/2024,3.827500104904175
2/29/2024,3.8345000743865967
3/1/2024,3.8550000190734863
3/4/2024,3.8519999980926514
3/5/2024,3.8440001010894775
3/6/2024,3.870500087738037
3/7/2024,3.9195001125335693
3/8/2024,3.884999990463257
3/11/2024,3.922499895095825
3/12/2024,3.924999952316284
3/13/2024,4.052499771118164
3/14/2024,4.0370001792907715
3/15/2024,4.112500190734863
3/18/2024,4.114500045776367
3/19/2024,4.058499813079834
3/20/2024,4.038499832
3/21/2024,4.046500205993652
3/22/2024,3.996000051498413
3/25/2024,4.006999969482422
3/26/2024,3.996000051498413
3/27/2024,3.992500066757202
3/28/2024,4.003499984741211
4/1/2024,4.046000003814697
4/2/2024,4.070000171661377
4/3/2024,4.192999839782715
4/4/2024,4.246500015258789
4/5/2024,4.239500045776367
4/8/2024,4.2769999504089355
4/9/2024,4.285999774932861
4/10/2024,4.2820000648498535
4/11/2024,4.251999855041504
4/12/2024,4.257500171661377
4/15/2024,4.379000186920166
4/16/2024,4.305500030517578
4/17/2024,4.34250021
4/18/2024,4.440499782562256
4/19/2024,4.501999855041504
4/22/2024,4.500500202178955
4/23/2024,4.490499973297119
4/24/2024,4.4670000076293945
4/25/2024,4.570499897003174
4/26/2024,4.568999767303467
4/29/2024,4.658999919891357
4/30/2024,4.564499855041504
5/1/2024,4.552499771118164
5/2/2024,4.493999958
5/3/2024,4.573500156402588
5/6/2024,4.634500026702881
5/7/2024,4.625500202178955
5/8/2024,4.561999797821045
5/9/2024,4.607500076293945
5/10/2024,4.693500042
5/13/2024,4.804500102996826
5/14/2024,4.953499794006348
5/15/2024,4.9695000648498535
5/16/2024,4.892000198364258
5/17/2024,5.057000160217285
5/20/2024,5.087500095367432
5/21/2024,5.118999958
5/22/2024,4.867499828338623
5/23/2024,4.816500186920166
5/24/2024,4.778500080108643
5/28/2024,4.875500202178955
5/29/2024,4.805500030517578
5/30/2024,4.671999931335449
5/31/2024,4.610000133514404
6/3/2024,4.677000045776367
6/4/2024,4.547999858856201
6/5/2024,4.619500160217285
6/6/2024,4.690999984741211
6/7/2024,4.494500160217285
6/10/2024,4.556499958
6/11/2024,4.5229997634887695
6/12/2024,4.581500053405762
6/13/2024,4.507500171661377
6/14/2024,4.551000118255615
6/17/2024,4.521500110626221
6/18/2024,4.561999797821045
6/20/2024,4.618000030517578
6/21/2024,4.493999958
6/24/2024,4.5269999504089355
6/25/2024,4.381000042
6/26/2024,4.367499828338623
6/27/2024,4.328499794006348
6/28/2024,4.390500068664551
7/1/2024,4.426499843597412
7/2/2024,4.429500102996826
7/3/2024,4.540999889373779
7/5/2024,4.6585001945495605
7/8/2024,4.622000217437744
7/9/2024,4.578000068664551
7/10/2024,4.607500076293945
7/11/2024,4.508500099182129
7/12/2024,4.598499774932861
7/15/2024,4.5289998054504395
7/16/2024,4.443999767303467
7/17/2024,4.399000168
7/18/2024,4.265999794006348
7/19/2024,4.218999862670898
7/22/2024,4.180500030517578
7/23/2024,4.145999908447266
7/24/2024,4.098999977111816
7/25/2024,4.112500190734863
7/26/2024,4.104499816894531
7/29/2024,4.061999797821045
7/30/2024,4.063000202178955
7/31/2024,4.159999847412109
8/1/2024,4.066500186920166
8/2/2024,4.084000110626221
8/5/2024,3.9839999675750732
8/6/2024,4.011499881744385
8/7/2024,3.9375
8/8/2024,3.944999933242798
8/9/2024,3.9800000190734863
8/12/2024,4.054999828338623
8/13/2024,4.035999774932861
8/14/2024,4.025000095367432
8/15/2024,4.138999938964844
8/16/2024,4.127500057220459
8/19/2024,4.166500091552734
8/20/2024,4.149499893188477
8/21/2024,4.181499958
8/22/2024,4.140999794006348
8/23/2024,4.194499969482422
8/26/2024,4.211500168
8/27/2024,4.230500221252441
8/28/2024,4.144999980926514
8/29/2024,4.147500038146973
8/30/2024,4.144999980926514
9/3/2024,4.0320000648498535
9/4/2024,4.019499778747559
9/5/2024,4.077499866485596
9/6/2024,4.014500141143799
9/9/2024,4.084499835968018
9/10/2024,4.040500164031982
9/11/2024,4.083000183105469
9/12/2024,4.132999897003174
9/13/2024,4.175000190734863
9/16/2024,4.2129998207092285
9/17/2024,4.213500022888184
9/18/2024,4.237999916
9/19/2024,4.285999774932861
9/20/2024,4.281499862670898
9/23/2024,4.289000034332275
9/24/2024,4.429500102996826
9/25/2024,4.427999973297119
9/26/2024,4.580999851226807
9/27/2024,4.540999889373779
9/30/2024,4.495999813079834
10/1/2024,4.5355000495910645
10/2/2024,4.5960001945495605
10/3/2024,4.501999855041504
10/4/2024,4.522500038146973
10/7/2024,4.519000053405762
10/8/2024,4.4120001792907715
10/9/2024,4.355000019073486
10/10/2024,4.385000228881836
10/11/2024,4.451499938964844
10/14/2024,4.363500118255615
10/15/2024,4.300499916
10/16/2024,4.331500053405762
10/17/2024,4.286499977111816
10/18/2024,4.3460001945495605
10/21/2024,4.322999954223633
10/22/2024,4.3480000495910645
10/23/2024,4.304500102996826
10/24/2024,4.319499969482422
10/25/2024,4.3394999504089355
10/28/2024,4.331999778747559
10/29/2024,4.332499980926514
10/30/2024,4.327499866485596
10/31/2024,4.313499927520752
11/1/2024,4.347499847412109
11/4/2024,4.4070000648498535
11/5/2024,4.450500011444092
11/6/2024,4.222499847412109
11/7/2024,4.409999847412109
11/8/2024,4.286499977111816
11/11/2024,4.210999965667725
11/12/2024,4.119500160217285
11/13/2024,4.065999984741211
11/14/2024,4.072999954223633
11/15/2024,4.051000118255615
11/18/2024,4.107999801635742
11/19/2024,4.130000114440918
11/20/2024,4.143499851226807
11/21/2024,4.112999916
11/22/2024,4.073999881744385
11/25/2024,4.0914998054504395
11/26/2024,4.039000034332275
11/27/2024,4.066999912261963
11/29/2024,4.080500126
12/2/2024,4.075500011444092
12/3/2024,4.145999908447266
12/4/2024,4.142000198364258
12/5/2024,4.135000228881836
12/6/2024,4.138500213623047
12/9/2024,4.223499774932861
12/10/2024,4.223499774932861
12/11/2024,4.214000225067139
12/12/2024,4.195000171661377
12/13/2024,4.149000168
12/16/2024,4.143499851226807
12/17/2024,4.0914998054504395
12/18/2024,4.099999904632568
12/19/2024,4.020500183105469
12/20/2024,4.040999889373779
12/23/2024,4.0229997634887695
12/24/2024,4.049499988555908
12/26/2024,4.072000026702881
12/27/2024,4.0625
12/30/2024,4.045499801635742
12/31/2024,3.9860000610351562
1/2/2025,3.9885001182556152
1/3/2025,4.0395002365112305
1/6/2025,4.126999855041504
1/7/2025,4.1605000495910645
1/8/2025,4.227499961853027
1/9/2025,4.2795000076293945
1/10/2025,4.274499893188477
1/13/2025,4.295499801635742
1/14/2025,4.310500144958496
1/15/2025,4.359499931335449
1/16/2025,4.4105000495910645
1/17/2025,4.337500095367432
1/21/2025,4.310999870300293
1/22/2025,4.271500110626221
1/23/2025,4.299499988555908
1/24/2025,4.289999961853027
1/27/2025,4.203499794006348
1/28/2025,4.2204999923706055
1/29/2025,4.257500171661377
1/30/2025,4.288000106811523
1/31/2025,4.262000084
2/3/2025,4.294000148773193
2/4/2025,4.34250021
2/5/2025,4.434500217437744
2/6/2025,4.453499794006348
2/7/2025,4.581500053405762
2/10/2025,4.700500011444092
2/11/2025,4.5945000648498535
2/12/2025,4.697999954223633
2/13/2025,4.769000053405762
2/14/2025,4.656499862670898
2/18/2025,4.585000038146973
2/19/2025,4.557000160217285
2/20/2025,4.607999801635742
2/21/2025,4.559999942779541
2/24/2025,4.517000198364258
2/25/2025,4.486000061035156
2/26/2025,4.541999816894531
2/27/2025,4.579999923706055
2/28/2025,4.514500141143799
3/3/2025,4.576499938964844
3/4/2025,4.527500152587891
3/5/2025,4.766499996185303
3/6/2025,4.7789998054504395
3/7/2025,4.683000087738037
3/10/2025,4.639500141143799
3/11/2025,4.739999771118164
3/12/2025,4.821000099182129
3/13/2025,4.898499965667725
3/14/2025,4.869500160217285
3/17/2025,4.933499813079834
3/18/2025,4.993000030517578
3/19/2025,5.076000213623047
3/20/2025,5.085000038146973
3/21/2025,5.087500095367432
3/24/2025,5.064000129699707
3/25/2025,5.183000087738037
3/26/2025,5.216000080108643
3/27/2025,5.097499847412109
3/28/2025,5.112500190734863
3/31/2025,5.019999980926514
4/1/2025,5.019000053405762
4/2/2025,5.023499965667725
4/3/2025,4.810999870300293
4/4/2025,4.384500026702881
4/7/2025,4.169000148773193
4/8/2025,4.127500057220459
4/9/2025,4.175499916
4/10/2025,4.321000099182129
4/11/2025,4.507500171661377
4/14/2025,4.610499858856201
4/15/2025,4.611000061035156
4/16/2025,4.673999786376953
4/17/2025,4.731500148773193
4/21/2025,4.7210001945495605
4/22/2025,4.870500087738037
4/23/2025,4.8354997634887695
4/24/2025,4.849999904632568
4/25/2025,4.8354997634887695
4/28/2025,4.8379998207092285
4/29/2025,4.822999954223633
4/30/2025,4.559999942779541
5/1/2025,4.580999851226807
5/2/2025,4.627500057220459
5/5/2025,4.65500021
5/6/2025,4.735000133514404
5/7/2025,4.616499900817871
5/8/2025,4.560999870300293
5/9/2025,4.611000061035156
5/12/2025,4.578499794006348
5/13/2025,4.681499958
5/14/2025,4.611000061035156
5/15/2025,4.644499778747559
5/16/2025,4.555500030517578
5/19/2025,4.633500099182129
5/20/2025,4.619500160217285
5/21/2025,4.638000011444092
5/22/2025,4.648499965667725
5/23/2025,4.806499958
5/27/2025,4.710000038146973
5/28/2025,4.644000053405762
5/29/2025,4.653500080108643
5/30/2025,4.652500152587891
6/2/2025,4.834499835968018
6/3/2025,4.809500217437744
6/4/2025,4.864500045776367
6/5/2025,4.913499832
6/6/2025,4.829999923706055
6/9/2025,4.9095001220703125
6/10/2025,4.883999824523926
6/11/2025,4.801000118255615
6/12/2025,4.821499824523926
6/13/2025,4.802999973297119
6/16/2025,4.826499938964844
6/17/2025,4.800499916
6/18/2025,4.84499979
6/20/2025,4.826000213623047
6/23/2025,4.8429999351501465
6/24/2025,4.867000102996826
6/25/2025,4.913000106811523
6/26/2025,5.065499782562256
6/27/2025,5.068500042
6/30/2025,5.03000021
7/1/2025,5.047999858856201
7/2/2025,5.149000168
7/3/2025,5.0970001220703125
7/4/2025,5.018499851226807
7/7/2025,4.984499931335449
7/8/2025,5.644999980926514
7/9/2025,5.443500042
7/10/2025,5.547999858856201
7/11/2025,5.561999797821045
7/14/2025,5.514999866485596
7/15/2025,5.546000003814697
7/16/2025,5.496500015258789
7/17/2025,5.486000061035156
7/18/2025,5.578000068664551
7/21/2025,5.610499858856201
7/22/2025,5.697000026702881
7/23/2025,5.795000076293945
7/24/2025,5.7769999504089355
7/25/2025,5.763500213623047
7/28/2025,5.59499979
7/29/2025,5.603499889373779
7/30/2025,5.570000171661377
7/31/2025,4.330500126
8/1/2025,4.412499904632568
8/4/2025,4.414999961853027
8/5/2025,4.363999843597412
8/6/2025,4.390999794006348
8/7/2025,4.378499984741211
8/8/2025,4.455500126
8/11/2025,4.423500061035156
8/12/2025,4.508500099182129
8/13/2025,4.481999874
8/14/2025,4.4644999504089355
8/15/2025,4.478000164031982
8/18/2025,4.456999778747559
8/19/2025,4.408999919891357
8/20/2025,4.426000118255615
8/21/2025,4.431499958
8/22/2025,4.447500228881836
8/25/2025,4.4664998054504395
8/26/2025,4.450500011444092
8/27/2025,4.4145002365112305
8/28/2025,4.463500022888184
8/29/2025,4.518499851226807
9/2/2025,4.569499969482422
9/3/2025,4.558499813079834
9/4/2025,4.487999916
9/5/2025,4.482500076293945
9/8/2025,4.490499973297119
9/9/2025,4.500999927520752
9/10/2025,4.550000190734863
9/11/2025,4.5904998779296875
9/12/2025,4.588500022888184
9/15/2025,4.6554999351501465
9/16/2025,4.632999897003174
9/17/2025,4.571000099182129
9/18/2025,4.540999889373779
9/19/2025,4.568999767303467
9/22/2025,4.572999954223633
9/23/2025,4.584499835968018
9/24/2025,4.752500057220459
9/25/2025,4.699999809265137
9/26/2025,4.7154998779296875
9/29/2025,4.841000080108643
9/30/2025,4.804999828338623
10/1/2025,4.830500126
10/2/2025,4.8979997634887695
10/3/2025,5.058000087738037
10/6/2025,4.986999988555908
10/7/2025,5.047999858856201
10/8/2025,5.046000003814697
10/9/2025,5.075500011444092
10/10/2025,4.848499774932861
10/13/2025,5.100500106811523
10/14/2025,4.980500221252441
10/15/2025,4.9720001220703125
10/16/2025,4.958000183105469
10/17/2025,4.931499958
10/20/2025,4.998000144958496
10/21/2025,4.929999828338623
10/22/2025,4.960999965667725
10/23/2025,5.081999778747559
10/24/2025,5.093500137329102
10/27/2025,5.140500068664551
10/28/2025,5.140500068664551
10/29/2025,5.233500003814697
10/30/2025,5.078000068664551
10/31/2025,5.065499782562256
11/3/2025,5.046999931335449
11/4/2025,4.926000118255615
11/5/2025,4.9629998207092285
11/6/2025,4.945499897003174
11/7/2025,4.938000202178955
11/10/2025,5.086999893188477
11/11/2025,5.048500061035156
11/12/2025,5.0894999504089355
11/13/2025,5.087500095367432
11/14/2025,5.049499988555908
11/17/2025,5
11/18/2025,4.962500095367432
11/19/2025,5.007999897003174
11/20/2025,4.959499835968018
11/21/2025,5.008500099182129
11/24/2025,4.961999893188477
11/25/2025,4.999499797821045
11/26/2025,5.104499816894531
11/28/2025,5.185500144958496
12/1/2025,5.218999862670898
12/2/2025,5.160999774932861
12/3/2025,5.308000087738037
12/4/2025,5.291500091552734
12/5/2025,5.381999969482422
12/8/2025,5.364500045776367
12/9/2025,5.240499973297119
12/10/2025,5.2754998207092285
12/11/2025,5.427000045776367
12/12/2025,5.2835001945495605
12/15/2025,5.338500022888184
12/16/2025,5.2870001792907715
12/17/2025,5.363500118255615
12/18/2025,5.366499900817871
12/19/2025,5.439499855041504
12/22/2025,5.4375
12/23/2025,5.475999832
12/24/2025,5.498499870300293
12/26/2025,5.766499996185303
12/29/2025,5.490499973297119
12/30/2025,5.727499961853027
12/31/2025,5.630000114440918
1/2/2026,5.639999866485596
1/5/2026,5.924499988555908
1/6/2026,6.010499954223633
1/7/2026,5.809000015258789
1/8/2026,5.746500015258789
1/9/2026,5.855500221252441
1/12/2026,5.985000133514404
1/13/2026,5.96999979
1/14/2026,6.008999824523926
1/15/2026,5.947999954223633
1/16/2026,5.788499832
1/20/2026,5.7729997634887695
1/21/2026,5.729499816894531
1/22/2026,5.742499828338623
1/23/2026,5.910999774932861
1/26/2026,5.984000205993652
1/27/2026,5.828499794006348
1/28/2026,5.892499923706055
1/29/2026,6.175499916
1/30/2026,5.896999835968018
2/2/2026,5.801499843597412
2/3/2026,6.0625
2/4/2026,5.826000213623047
2/5/2026,5.798999786376953
2/6/2026,5.863500118255615
