"Date","Value"
"01/01/1913",9.8
"02/01/1913",9.8
"03/01/1913",9.8
"04/01/1913",9.8
"05/01/1913",9.7
"06/01/1913",9.8
"07/01/1913",9.9
"08/01/1913",9.9
"09/01/1913",10
"10/01/1913",10
"11/01/1913",10.1
"12/01/1913",10
"01/01/1914",10
"02/01/1914",9.9
"03/01/1914",9.9
"04/01/1914",9.8
"05/01/1914",9.9
"06/01/1914",9.9
"07/01/1914",10
"08/01/1914",10.2
"09/01/1914",10.2
"10/01/1914",10.1
"11/01/1914",10.2
"12/01/1914",10.1
"01/01/1915",10.1
"02/01/1915",10
"03/01/1915",9.9
"04/01/1915",10
"05/01/1915",10.1
"06/01/1915",10.1
"07/01/1915",10.1
"08/01/1915",10.1
"09/01/1915",10.1
"10/01/1915",10.2
"11/01/1915",10.3
"12/01/1915",10.3
"01/01/1916",10.4
"02/01/1916",10.4
"03/01/1916",10.5
"04/01/1916",10.6
"05/01/1916",10.7
"06/01/1916",10.8
"07/01/1916",10.8
"08/01/1916",10.9
"09/01/1916",11.1
"10/01/1916",11.3
"11/01/1916",11.5
"12/01/1916",11.6
"01/01/1917",11.7
"02/01/1917",12
"03/01/1917",12
"04/01/1917",12.6
"05/01/1917",12.8
"06/01/1917",13
"07/01/1917",12.8
"08/01/1917",13
"09/01/1917",13.3
"10/01/1917",13.5
"11/01/1917",13.5
"12/01/1917",13.7
"01/01/1918",14
"02/01/1918",14.1
"03/01/1918",14
"04/01/1918",14.2
"05/01/1918",14.5
"06/01/1918",14.7
"07/01/1918",15.1
"08/01/1918",15.4
"09/01/1918",15.7
"10/01/1918",16
"11/01/1918",16.3
"12/01/1918",16.5
"01/01/1919",16.5
"02/01/1919",16.2
"03/01/1919",16.4
"04/01/1919",16.7
"05/01/1919",16.9
"06/01/1919",16.9
"07/01/1919",17.4
"08/01/1919",17.7
"09/01/1919",17.8
"10/01/1919",18.1
"11/01/1919",18.5
"12/01/1919",18.9
"01/01/1920",19.3
"02/01/1920",19.5
"03/01/1920",19.7
"04/01/1920",20.3
"05/01/1920",20.6
"06/01/1920",20.9
"07/01/1920",20.8
"08/01/1920",20.3
"09/01/1920",20
"10/01/1920",19.9
"11/01/1920",19.8
"12/01/1920",19.4
"01/01/1921",19
"02/01/1921",18.4
"03/01/1921",18.3
"04/01/1921",18.1
"05/01/1921",17.7
"06/01/1921",17.6
"07/01/1921",17.7
"08/01/1921",17.7
"09/01/1921",17.5
"10/01/1921",17.5
"11/01/1921",17.4
"12/01/1921",17.3
"01/01/1922",16.9
"02/01/1922",16.9
"03/01/1922",16.7
"04/01/1922",16.7
"05/01/1922",16.7
"06/01/1922",16.7
"07/01/1922",16.8
"08/01/1922",16.6
"09/01/1922",16.6
"10/01/1922",16.7
"11/01/1922",16.8
"12/01/1922",16.9
"01/01/1923",16.8
"02/01/1923",16.8
"03/01/1923",16.8
"04/01/1923",16.9
"05/01/1923",16.9
"06/01/1923",17
"07/01/1923",17.2
"08/01/1923",17.1
"09/01/1923",17.2
"10/01/1923",17.3
"11/01/1923",17.3
"12/01/1923",17.3
"01/01/1924",17.3
"02/01/1924",17.2
"03/01/1924",17.1
"04/01/1924",17
"05/01/1924",17
"06/01/1924",17
"07/01/1924",17.1
"08/01/1924",17
"09/01/1924",17.1
"10/01/1924",17.2
"11/01/1924",17.2
"12/01/1924",17.3
"01/01/1925",17.3
"02/01/1925",17.2
"03/01/1925",17.3
"04/01/1925",17.2
"05/01/1925",17.3
"06/01/1925",17.5
"07/01/1925",17.7
"08/01/1925",17.7
"09/01/1925",17.7
"10/01/1925",17.7
"11/01/1925",18
"12/01/1925",17.9
"01/01/1926",17.9
"02/01/1926",17.9
"03/01/1926",17.8
"04/01/1926",17.9
"05/01/1926",17.8
"06/01/1926",17.7
"07/01/1926",17.5
"08/01/1926",17.4
"09/01/1926",17.5
"10/01/1926",17.6
"11/01/1926",17.7
"12/01/1926",17.7
"01/01/1927",17.5
"02/01/1927",17.4
"03/01/1927",17.3
"04/01/1927",17.3
"05/01/1927",17.4
"06/01/1927",17.6
"07/01/1927",17.3
"08/01/1927",17.2
"09/01/1927",17.3
"10/01/1927",17.4
"11/01/1927",17.3
"12/01/1927",17.3
"01/01/1928",17.3
"02/01/1928",17.1
"03/01/1928",17.1
"04/01/1928",17.1
"05/01/1928",17.2
"06/01/1928",17.1
"07/01/1928",17.1
"08/01/1928",17.1
"09/01/1928",17.3
"10/01/1928",17.2
"11/01/1928",17.2
"12/01/1928",17.1
"01/01/1929",17.1
"02/01/1929",17.1
"03/01/1929",17
"04/01/1929",16.9
"05/01/1929",17
"06/01/1929",17.1
"07/01/1929",17.3
"08/01/1929",17.3
"09/01/1929",17.3
"10/01/1929",17.3
"11/01/1929",17.3
"12/01/1929",17.2
"01/01/1930",17.1
"02/01/1930",17
"03/01/1930",16.9
"04/01/1930",17
"05/01/1930",16.9
"06/01/1930",16.8
"07/01/1930",16.6
"08/01/1930",16.5
"09/01/1930",16.6
"10/01/1930",16.5
"11/01/1930",16.4
"12/01/1930",16.1
"01/01/1931",15.9
"02/01/1931",15.7
"03/01/1931",15.6
"04/01/1931",15.5
"05/01/1931",15.3
"06/01/1931",15.1
"07/01/1931",15.1
"08/01/1931",15.1
"09/01/1931",15
"10/01/1931",14.9
"11/01/1931",14.7
"12/01/1931",14.6
"01/01/1932",14.3
"02/01/1932",14.1
"03/01/1932",14
"04/01/1932",13.9
"05/01/1932",13.7
"06/01/1932",13.6
"07/01/1932",13.6
"08/01/1932",13.5
"09/01/1932",13.4
"10/01/1932",13.3
"11/01/1932",13.2
"12/01/1932",13.1
"01/01/1933",12.9
"02/01/1933",12.7
"03/01/1933",12.6
"04/01/1933",12.6
"05/01/1933",12.6
"06/01/1933",12.7
"07/01/1933",13.1
"08/01/1933",13.2
"09/01/1933",13.2
"10/01/1933",13.2
"11/01/1933",13.2
"12/01/1933",13.2
"01/01/1934",13.2
"02/01/1934",13.3
"03/01/1934",13.3
"04/01/1934",13.3
"05/01/1934",13.3
"06/01/1934",13.4
"07/01/1934",13.4
"08/01/1934",13.4
"09/01/1934",13.6
"10/01/1934",13.5
"11/01/1934",13.5
"12/01/1934",13.4
"01/01/1935",13.6
"02/01/1935",13.7
"03/01/1935",13.7
"04/01/1935",13.8
"05/01/1935",13.8
"06/01/1935",13.7
"07/01/1935",13.7
"08/01/1935",13.7
"09/01/1935",13.7
"10/01/1935",13.7
"11/01/1935",13.8
"12/01/1935",13.8
"01/01/1936",13.8
"02/01/1936",13.8
"03/01/1936",13.7
"04/01/1936",13.7
"05/01/1936",13.7
"06/01/1936",13.8
"07/01/1936",13.9
"08/01/1936",14
"09/01/1936",14
"10/01/1936",14
"11/01/1936",14
"12/01/1936",14
"01/01/1937",14.1
"02/01/1937",14.1
"03/01/1937",14.2
"04/01/1937",14.3
"05/01/1937",14.4
"06/01/1937",14.4
"07/01/1937",14.5
"08/01/1937",14.5
"09/01/1937",14.6
"10/01/1937",14.6
"11/01/1937",14.5
"12/01/1937",14.4
"01/01/1938",14.2
"02/01/1938",14.1
"03/01/1938",14.1
"04/01/1938",14.2
"05/01/1938",14.1
"06/01/1938",14.1
"07/01/1938",14.1
"08/01/1938",14.1
"09/01/1938",14.1
"10/01/1938",14
"11/01/1938",14
"12/01/1938",14
"01/01/1939",14
"02/01/1939",13.9
"03/01/1939",13.9
"04/01/1939",13.8
"05/01/1939",13.8
"06/01/1939",13.8
"07/01/1939",13.8
"08/01/1939",13.8
"09/01/1939",14.1
"10/01/1939",14
"11/01/1939",14
"12/01/1939",14
"01/01/1940",13.9
"02/01/1940",14
"03/01/1940",14
"04/01/1940",14
"05/01/1940",14
"06/01/1940",14.1
"07/01/1940",14
"08/01/1940",14
"09/01/1940",14
"10/01/1940",14
"11/01/1940",14
"12/01/1940",14.1
"01/01/1941",14.1
"02/01/1941",14.1
"03/01/1941",14.2
"04/01/1941",14.3
"05/01/1941",14.4
"06/01/1941",14.7
"07/01/1941",14.7
"08/01/1941",14.9
"09/01/1941",15.1
"10/01/1941",15.3
"11/01/1941",15.4
"12/01/1941",15.5
"01/01/1942",15.7
"02/01/1942",15.8
"03/01/1942",16
"04/01/1942",16.1
"05/01/1942",16.3
"06/01/1942",16.3
"07/01/1942",16.4
"08/01/1942",16.5
"09/01/1942",16.5
"10/01/1942",16.7
"11/01/1942",16.8
"12/01/1942",16.9
"01/01/1943",16.9
"02/01/1943",16.9
"03/01/1943",17.2
"04/01/1943",17.4
"05/01/1943",17.5
"06/01/1943",17.5
"07/01/1943",17.4
"08/01/1943",17.3
"09/01/1943",17.4
"10/01/1943",17.4
"11/01/1943",17.4
"12/01/1943",17.4
"01/01/1944",17.4
"02/01/1944",17.4
"03/01/1944",17.4
"04/01/1944",17.5
"05/01/1944",17.5
"06/01/1944",17.6
"07/01/1944",17.7
"08/01/1944",17.7
"09/01/1944",17.7
"10/01/1944",17.7
"11/01/1944",17.7
"12/01/1944",17.8
"01/01/1945",17.8
"02/01/1945",17.8
"03/01/1945",17.8
"04/01/1945",17.8
"05/01/1945",17.9
"06/01/1945",18.1
"07/01/1945",18.1
"08/01/1945",18.1
"09/01/1945",18.1
"10/01/1945",18.1
"11/01/1945",18.1
"12/01/1945",18.2
"01/01/1946",18.2
"02/01/1946",18.1
"03/01/1946",18.3
"04/01/1946",18.4
"05/01/1946",18.5
"06/01/1946",18.7
"07/01/1946",19.8
"08/01/1946",20.2
"09/01/1946",20.4
"10/01/1946",20.8
"11/01/1946",21.3
"12/01/1946",21.5
"01/01/1947",21.5
"02/01/1947",21.5
"03/01/1947",21.9
"04/01/1947",21.9
"05/01/1947",21.9
"06/01/1947",22
"07/01/1947",22.2
"08/01/1947",22.5
"09/01/1947",23
"10/01/1947",23
"11/01/1947",23.1
"12/01/1947",23.4
"01/01/1948",23.7
"02/01/1948",23.5
"03/01/1948",23.4
"04/01/1948",23.8
"05/01/1948",23.9
"06/01/1948",24.1
"07/01/1948",24.4
"08/01/1948",24.5
"09/01/1948",24.5
"10/01/1948",24.4
"11/01/1948",24.2
"12/01/1948",24.1
"01/01/1949",24
"02/01/1949",23.8
"03/01/1949",23.8
"04/01/1949",23.9
"05/01/1949",23.8
"06/01/1949",23.9
"07/01/1949",23.7
"08/01/1949",23.8
"09/01/1949",23.9
"10/01/1949",23.7
"11/01/1949",23.8
"12/01/1949",23.6
"01/01/1950",23.5
"02/01/1950",23.5
"03/01/1950",23.6
"04/01/1950",23.6
"05/01/1950",23.7
"06/01/1950",23.8
"07/01/1950",24.1
"08/01/1950",24.3
"09/01/1950",24.4
"10/01/1950",24.6
"11/01/1950",24.7
"12/01/1950",25
"01/01/1951",25.4
"02/01/1951",25.7
"03/01/1951",25.8
"04/01/1951",25.8
"05/01/1951",25.9
"06/01/1951",25.9
"07/01/1951",25.9
"08/01/1951",25.9
"09/01/1951",26.1
"10/01/1951",26.2
"11/01/1951",26.4
"12/01/1951",26.5
"01/01/1952",26.5
"02/01/1952",26.3
"03/01/1952",26.3
"04/01/1952",26.4
"05/01/1952",26.4
"06/01/1952",26.5
"07/01/1952",26.7
"08/01/1952",26.7
"09/01/1952",26.7
"10/01/1952",26.7
"11/01/1952",26.7
"12/01/1952",26.7
"01/01/1953",26.6
"02/01/1953",26.5
"03/01/1953",26.6
"04/01/1953",26.6
"05/01/1953",26.7
"06/01/1953",26.8
"07/01/1953",26.8
"08/01/1953",26.9
"09/01/1953",26.9
"10/01/1953",27
"11/01/1953",26.9
"12/01/1953",26.9
"01/01/1954",26.9
"02/01/1954",26.9
"03/01/1954",26.9
"04/01/1954",26.8
"05/01/1954",26.9
"06/01/1954",26.9
"07/01/1954",26.9
"08/01/1954",26.9
"09/01/1954",26.8
"10/01/1954",26.8
"11/01/1954",26.8
"12/01/1954",26.7
"01/01/1955",26.7
"02/01/1955",26.7
"03/01/1955",26.7
"04/01/1955",26.7
"05/01/1955",26.7
"06/01/1955",26.7
"07/01/1955",26.8
"08/01/1955",26.8
"09/01/1955",26.9
"10/01/1955",26.9
"11/01/1955",26.9
"12/01/1955",26.8
"01/01/1956",26.8
"02/01/1956",26.8
"03/01/1956",26.8
"04/01/1956",26.9
"05/01/1956",27
"06/01/1956",27.2
"07/01/1956",27.4
"08/01/1956",27.3
"09/01/1956",27.4
"10/01/1956",27.5
"11/01/1956",27.5
"12/01/1956",27.6
"01/01/1957",27.6
"02/01/1957",27.7
"03/01/1957",27.8
"04/01/1957",27.9
"05/01/1957",28
"06/01/1957",28.1
"07/01/1957",28.3
"08/01/1957",28.3
"09/01/1957",28.3
"10/01/1957",28.3
"11/01/1957",28.4
"12/01/1957",28.4
"01/01/1958",28.6
"02/01/1958",28.6
"03/01/1958",28.8
"04/01/1958",28.9
"05/01/1958",28.9
"06/01/1958",28.9
"07/01/1958",29
"08/01/1958",28.9
"09/01/1958",28.9
"10/01/1958",28.9
"11/01/1958",29
"12/01/1958",28.9
"01/01/1959",29
"02/01/1959",28.9
"03/01/1959",28.9
"04/01/1959",29
"05/01/1959",29
"06/01/1959",29.1
"07/01/1959",29.2
"08/01/1959",29.2
"09/01/1959",29.3
"10/01/1959",29.4
"11/01/1959",29.4
"12/01/1959",29.4
"01/01/1960",29.3
"02/01/1960",29.4
"03/01/1960",29.4
"04/01/1960",29.5
"05/01/1960",29.5
"06/01/1960",29.6
"07/01/1960",29.6
"08/01/1960",29.6
"09/01/1960",29.6
"10/01/1960",29.8
"11/01/1960",29.8
"12/01/1960",29.8
"01/01/1961",29.8
"02/01/1961",29.8
"03/01/1961",29.8
"04/01/1961",29.8
"05/01/1961",29.8
"06/01/1961",29.8
"07/01/1961",30
"08/01/1961",29.9
"09/01/1961",30
"10/01/1961",30
"11/01/1961",30
"12/01/1961",30
"01/01/1962",30
"02/01/1962",30.1
"03/01/1962",30.1
"04/01/1962",30.2
"05/01/1962",30.2
"06/01/1962",30.2
"07/01/1962",30.3
"08/01/1962",30.3
"09/01/1962",30.4
"10/01/1962",30.4
"11/01/1962",30.4
"12/01/1962",30.4
"01/01/1963",30.4
"02/01/1963",30.4
"03/01/1963",30.5
"04/01/1963",30.5
"05/01/1963",30.5
"06/01/1963",30.6
"07/01/1963",30.7
"08/01/1963",30.7
"09/01/1963",30.7
"10/01/1963",30.8
"11/01/1963",30.8
"12/01/1963",30.9
"01/01/1964",30.9
"02/01/1964",30.9
"03/01/1964",30.9
"04/01/1964",30.9
"05/01/1964",30.9
"06/01/1964",31
"07/01/1964",31.1
"08/01/1964",31
"09/01/1964",31.1
"10/01/1964",31.1
"11/01/1964",31.2
"12/01/1964",31.2
"01/01/1965",31.2
"02/01/1965",31.2
"03/01/1965",31.3
"04/01/1965",31.4
"05/01/1965",31.4
"06/01/1965",31.6
"07/01/1965",31.6
"08/01/1965",31.6
"09/01/1965",31.6
"10/01/1965",31.7
"11/01/1965",31.7
"12/01/1965",31.8
"01/01/1966",31.8
"02/01/1966",32
"03/01/1966",32.1
"04/01/1966",32.3
"05/01/1966",32.3
"06/01/1966",32.4
"07/01/1966",32.5
"08/01/1966",32.7
"09/01/1966",32.7
"10/01/1966",32.9
"11/01/1966",32.9
"12/01/1966",32.9
"01/01/1967",32.9
"02/01/1967",32.9
"03/01/1967",33
"04/01/1967",33.1
"05/01/1967",33.2
"06/01/1967",33.3
"07/01/1967",33.4
"08/01/1967",33.5
"09/01/1967",33.6
"10/01/1967",33.7
"11/01/1967",33.8
"12/01/1967",33.9
"01/01/1968",34.1
"02/01/1968",34.2
"03/01/1968",34.3
"04/01/1968",34.4
"05/01/1968",34.5
"06/01/1968",34.7
"07/01/1968",34.9
"08/01/1968",35
"09/01/1968",35.1
"10/01/1968",35.3
"11/01/1968",35.4
"12/01/1968",35.5
"01/01/1969",35.6
"02/01/1969",35.8
"03/01/1969",36.1
"04/01/1969",36.3
"05/01/1969",36.4
"06/01/1969",36.6
"07/01/1969",36.8
"08/01/1969",37
"09/01/1969",37.1
"10/01/1969",37.3
"11/01/1969",37.5
"12/01/1969",37.7
"01/01/1970",37.8
"02/01/1970",38
"03/01/1970",38.2
"04/01/1970",38.5
"05/01/1970",38.6
"06/01/1970",38.8
"07/01/1970",39
"08/01/1970",39
"09/01/1970",39.2
"10/01/1970",39.4
"11/01/1970",39.6
"12/01/1970",39.8
"01/01/1971",39.8
"02/01/1971",39.9
"03/01/1971",40
"04/01/1971",40.1
"05/01/1971",40.3
"06/01/1971",40.6
"07/01/1971",40.7
"08/01/1971",40.8
"09/01/1971",40.8
"10/01/1971",40.9
"11/01/1971",40.9
"12/01/1971",41.1
"01/01/1972",41.1
"02/01/1972",41.3
"03/01/1972",41.4
"04/01/1972",41.5
"05/01/1972",41.6
"06/01/1972",41.7
"07/01/1972",41.9
"08/01/1972",42
"09/01/1972",42.1
"10/01/1972",42.3
"11/01/1972",42.4
"12/01/1972",42.5
"01/01/1973",42.6
"02/01/1973",42.9
"03/01/1973",43.3
"04/01/1973",43.6
"05/01/1973",43.9
"06/01/1973",44.2
"07/01/1973",44.3
"08/01/1973",45.1
"09/01/1973",45.2
"10/01/1973",45.6
"11/01/1973",45.9
"12/01/1973",46.2
"01/01/1974",46.6
"02/01/1974",47.2
"03/01/1974",47.8
"04/01/1974",48
"05/01/1974",48.6
"06/01/1974",49
"07/01/1974",49.4
"08/01/1974",50
"09/01/1974",50.6
"10/01/1974",51.1
"11/01/1974",51.5
"12/01/1974",51.9
"01/01/1975",52.1
"02/01/1975",52.5
"03/01/1975",52.7
"04/01/1975",52.9
"05/01/1975",53.2
"06/01/1975",53.6
"07/01/1975",54.2
"08/01/1975",54.3
"09/01/1975",54.6
"10/01/1975",54.9
"11/01/1975",55.3
"12/01/1975",55.5
"01/01/1976",55.6
"02/01/1976",55.8
"03/01/1976",55.9
"04/01/1976",56.1
"05/01/1976",56.5
"06/01/1976",56.8
"07/01/1976",57.1
"08/01/1976",57.4
"09/01/1976",57.6
"10/01/1976",57.9
"11/01/1976",58
"12/01/1976",58.2
"01/01/1977",58.5
"02/01/1977",59.1
"03/01/1977",59.5
"04/01/1977",60
"05/01/1977",60.3
"06/01/1977",60.7
"07/01/1977",61
"08/01/1977",61.2
"09/01/1977",61.4
"10/01/1977",61.6
"11/01/1977",61.9
"12/01/1977",62.1
"01/01/1978",62.5
"02/01/1978",62.9
"03/01/1978",63.4
"04/01/1978",63.9
"05/01/1978",64.5
"06/01/1978",65.2
"07/01/1978",65.7
"08/01/1978",66
"09/01/1978",66.5
"10/01/1978",67.1
"11/01/1978",67.4
"12/01/1978",67.7
"01/01/1979",68.3
"02/01/1979",69.1
"03/01/1979",69.8
"04/01/1979",70.6
"05/01/1979",71.5
"06/01/1979",72.3
"07/01/1979",73.1
"08/01/1979",73.8
"09/01/1979",74.6
"10/01/1979",75.2
"11/01/1979",75.9
"12/01/1979",76.7
"01/01/1980",77.8
"02/01/1980",78.9
"03/01/1980",80.1
"04/01/1980",81
"05/01/1980",81.8
"06/01/1980",82.7
"07/01/1980",82.7
"08/01/1980",83.3
"09/01/1980",84
"10/01/1980",84.8
"11/01/1980",85.5
"12/01/1980",86.3
"01/01/1981",87
"02/01/1981",87.9
"03/01/1981",88.5
"04/01/1981",89.1
"05/01/1981",89.8
"06/01/1981",90.6
"07/01/1981",91.6
"08/01/1981",92.3
"09/01/1981",93.2
"10/01/1981",93.4
"11/01/1981",93.7
"12/01/1981",94
"01/01/1982",94.3
"02/01/1982",94.6
"03/01/1982",94.5
"04/01/1982",94.9
"05/01/1982",95.8
"06/01/1982",97
"07/01/1982",97.5
"08/01/1982",97.7
"09/01/1982",97.9
"10/01/1982",98.2
"11/01/1982",98
"12/01/1982",97.6
"01/01/1983",97.8
"02/01/1983",97.9
"03/01/1983",97.9
"04/01/1983",98.6
"05/01/1983",99.2
"06/01/1983",99.5
"07/01/1983",99.9
"08/01/1983",100.2
"09/01/1983",100.7
"10/01/1983",101
"11/01/1983",101.2
"12/01/1983",101.3
"01/01/1984",101.9
"02/01/1984",102.4
"03/01/1984",102.6
"04/01/1984",103.1
"05/01/1984",103.4
"06/01/1984",103.7
"07/01/1984",104.1
"08/01/1984",104.5
"09/01/1984",105
"10/01/1984",105.3
"11/01/1984",105.3
"12/01/1984",105.3
"01/01/1985",105.5
"02/01/1985",106
"03/01/1985",106.4
"04/01/1985",106.9
"05/01/1985",107.3
"06/01/1985",107.6
"07/01/1985",107.8
"08/01/1985",108
"09/01/1985",108.3
"10/01/1985",108.7
"11/01/1985",109
"12/01/1985",109.3
"01/01/1986",109.6
"02/01/1986",109.3
"03/01/1986",108.8
"04/01/1986",108.6
"05/01/1986",108.9
"06/01/1986",109.5
"07/01/1986",109.5
"08/01/1986",109.7
"09/01/1986",110.2
"10/01/1986",110.3
"11/01/1986",110.4
"12/01/1986",110.5
"01/01/1987",111.2
"02/01/1987",111.6
"03/01/1987",112.1
"04/01/1987",112.7
"05/01/1987",113.1
"06/01/1987",113.5
"07/01/1987",113.8
"08/01/1987",114.4
"09/01/1987",115
"10/01/1987",115.3
"11/01/1987",115.4
"12/01/1987",115.4
"01/01/1988",115.7
"02/01/1988",116
"03/01/1988",116.5
"04/01/1988",117.1
"05/01/1988",117.5
"06/01/1988",118
"07/01/1988",118.5
"08/01/1988",119
"09/01/1988",119.8
"10/01/1988",120.2
"11/01/1988",120.3
"12/01/1988",120.5
"01/01/1989",121.1
"02/01/1989",121.6
"03/01/1989",122.3
"04/01/1989",123.1
"05/01/1989",123.8
"06/01/1989",124.1
"07/01/1989",124.4
"08/01/1989",124.6
"09/01/1989",125
"10/01/1989",125.6
"11/01/1989",125.9
"12/01/1989",126.1
"01/01/1990",127.4
"02/01/1990",128
"03/01/1990",128.7
"04/01/1990",128.9
"05/01/1990",129.2
"06/01/1990",129.9
"07/01/1990",130.4
"08/01/1990",131.6
"09/01/1990",132.7
"10/01/1990",133.5
"11/01/1990",133.8
"12/01/1990",133.8
"01/01/1991",134.6
"02/01/1991",134.8
"03/01/1991",135
"04/01/1991",135.2
"05/01/1991",135.6
"06/01/1991",136
"07/01/1991",136.2
"08/01/1991",136.6
"09/01/1991",137.2
"10/01/1991",137.4
"11/01/1991",137.8
"12/01/1991",137.9
"01/01/1992",138.1
"02/01/1992",138.6
"03/01/1992",139.3
"04/01/1992",139.5
"05/01/1992",139.7
"06/01/1992",140.2
"07/01/1992",140.5
"08/01/1992",140.9
"09/01/1992",141.3
"10/01/1992",141.8
"11/01/1992",142
"12/01/1992",141.9
"01/01/1993",142.6
"02/01/1993",143.1
"03/01/1993",143.6
"04/01/1993",144
"05/01/1993",144.2
"06/01/1993",144.4
"07/01/1993",144.4
"08/01/1993",144.8
"09/01/1993",145.1
"10/01/1993",145.7
"11/01/1993",145.8
"12/01/1993",145.8
"01/01/1994",146.2
"02/01/1994",146.7
"03/01/1994",147.2
"04/01/1994",147.4
"05/01/1994",147.5
"06/01/1994",148
"07/01/1994",148.4
"08/01/1994",149
"09/01/1994",149.4
"10/01/1994",149.5
"11/01/1994",149.7
"12/01/1994",149.7
"01/01/1995",150.3
"02/01/1995",150.9
"03/01/1995",151.4
"04/01/1995",151.9
"05/01/1995",152.2
"06/01/1995",152.5
"07/01/1995",152.5
"08/01/1995",152.9
"09/01/1995",153.2
"10/01/1995",153.7
"11/01/1995",153.6
"12/01/1995",153.5
"01/01/1996",154.4
"02/01/1996",154.9
"03/01/1996",155.7
"04/01/1996",156.3
"05/01/1996",156.6
"06/01/1996",156.7
"07/01/1996",157
"08/01/1996",157.3
"09/01/1996",157.8
"10/01/1996",158.3
"11/01/1996",158.6
"12/01/1996",158.6
"01/01/1997",159.1
"02/01/1997",159.6
"03/01/1997",160
"04/01/1997",160.2
"05/01/1997",160.1
"06/01/1997",160.3
"07/01/1997",160.5
"08/01/1997",160.8
"09/01/1997",161.2
"10/01/1997",161.6
"11/01/1997",161.5
"12/01/1997",161.3
"01/01/1998",161.6
"02/01/1998",161.9
"03/01/1998",162.2
"04/01/1998",162.5
"05/01/1998",162.8
"06/01/1998",163
"07/01/1998",163.2
"08/01/1998",163.4
"09/01/1998",163.6
"10/01/1998",164
"11/01/1998",164
"12/01/1998",163.9
"01/01/1999",164.3
"02/01/1999",164.5
"03/01/1999",165
"04/01/1999",166.2
"05/01/1999",166.2
"06/01/1999",166.2
"07/01/1999",166.7
"08/01/1999",167.1
"09/01/1999",167.9
"10/01/1999",168.2
"11/01/1999",168.3
"12/01/1999",168.3
"01/01/2000",168.8
"02/01/2000",169.8
"03/01/2000",171.2
"04/01/2000",171.3
"05/01/2000",171.5
"06/01/2000",172.4
"07/01/2000",172.8
"08/01/2000",172.8
"09/01/2000",173.7
"10/01/2000",174
"11/01/2000",174.1
"12/01/2000",174
"01/01/2001",175.1
"02/01/2001",175.8
"03/01/2001",176.2
"04/01/2001",176.9
"05/01/2001",177.7
"06/01/2001",178
"07/01/2001",177.5
"08/01/2001",177.5
"09/01/2001",178.3
"10/01/2001",177.7
"11/01/2001",177.4
"12/01/2001",176.7
"01/01/2002",177.1
"02/01/2002",177.8
"03/01/2002",178.8
"04/01/2002",179.8
"05/01/2002",179.8
"06/01/2002",179.9
"07/01/2002",180.1
"08/01/2002",180.7
"09/01/2002",181
"10/01/2002",181.3
"11/01/2002",181.3
"12/01/2002",180.9
"01/01/2003",181.7
"02/01/2003",183.1
"03/01/2003",184.2
"04/01/2003",183.8
"05/01/2003",183.5
"06/01/2003",183.7
"07/01/2003",183.9
"08/01/2003",184.6
"09/01/2003",185.2
"10/01/2003",185
"11/01/2003",184.5
"12/01/2003",184.3
"01/01/2004",185.2
"02/01/2004",186.2
"03/01/2004",187.4
"04/01/2004",188
"05/01/2004",189.1
"06/01/2004",189.7
"07/01/2004",189.4
"08/01/2004",189.5
"09/01/2004",189.9
"10/01/2004",190.9
"11/01/2004",191
"12/01/2004",190.3
"01/01/2005",190.7
"02/01/2005",191.8
"03/01/2005",193.3
"04/01/2005",194.6
"05/01/2005",194.4
"06/01/2005",194.5
"07/01/2005",195.4
"08/01/2005",196.4
"09/01/2005",198.8
"10/01/2005",199.2
"11/01/2005",197.6
"12/01/2005",196.8
"01/01/2006",198.3
"02/01/2006",198.7
"03/01/2006",199.8
"04/01/2006",201.5
"05/01/2006",202.5
"06/01/2006",202.9
"07/01/2006",203.5
"08/01/2006",203.9
"09/01/2006",202.9
"10/01/2006",201.8
"11/01/2006",201.5
"12/01/2006",201.8
"01/01/2007",202.416
"02/01/2007",203.499
"03/01/2007",205.352
"04/01/2007",206.686
"05/01/2007",207.949
"06/01/2007",208.352
"07/01/2007",208.299
"08/01/2007",207.917
"09/01/2007",208.49
"10/01/2007",208.936
"11/01/2007",210.177
"12/01/2007",210.036
"01/01/2008",211.08
"02/01/2008",211.693
"03/01/2008",213.528
"04/01/2008",214.823
"05/01/2008",216.632
"06/01/2008",218.815
"07/01/2008",219.964
"08/01/2008",219.086
"09/01/2008",218.783
"10/01/2008",216.573
"11/01/2008",212.425
"12/01/2008",210.228
"01/01/2009",211.143
"02/01/2009",212.193
"03/01/2009",212.709
"04/01/2009",213.24
"05/01/2009",213.856
"06/01/2009",215.693
"07/01/2009",215.351
"08/01/2009",215.834
"09/01/2009",215.969
"10/01/2009",216.177
"11/01/2009",216.33
"12/01/2009",215.949
"01/01/2010",216.687
"02/01/2010",216.741
"03/01/2010",217.631
"04/01/2010",218.009
"05/01/2010",218.178
"06/01/2010",217.965
"07/01/2010",218.011
"08/01/2010",218.312
"09/01/2010",218.439
"10/01/2010",218.711
"11/01/2010",218.803
"12/01/2010",219.179
"01/01/2011",220.223
"02/01/2011",221.309
"03/01/2011",223.467
"04/01/2011",224.906
"05/01/2011",225.964
"06/01/2011",225.722
"07/01/2011",225.922
"08/01/2011",226.545
"09/01/2011",226.889
"10/01/2011",226.421
"11/01/2011",226.23
"12/01/2011",225.672
"01/01/2012",226.665
"02/01/2012",227.663
"03/01/2012",229.392
"04/01/2012",230.085
"05/01/2012",229.815
"06/01/2012",229.478
"07/01/2012",229.104
"08/01/2012",230.379
"09/01/2012",231.407
"10/01/2012",231.317
"11/01/2012",230.221
"12/01/2012",229.601
"01/01/2013",230.28
"02/01/2013",232.166
"03/01/2013",232.773
"04/01/2013",232.531
"05/01/2013",232.945
"06/01/2013",233.504
"07/01/2013",233.596
"08/01/2013",233.877
"09/01/2013",234.149
"10/01/2013",233.546
"11/01/2013",233.069
"12/01/2013",233.049
"01/01/2014",233.916
"02/01/2014",234.781
"03/01/2014",236.293
"04/01/2014",237.072
"05/01/2014",237.9
"06/01/2014",238.343
"07/01/2014",238.25
"08/01/2014",237.852
"09/01/2014",238.031
"10/01/2014",237.433
"11/01/2014",236.151
"12/01/2014",234.812
"01/01/2015",233.707
"02/01/2015",234.722
"03/01/2015",236.119
"04/01/2015",236.599
"05/01/2015",237.805
"06/01/2015",238.638
"07/01/2015",238.654
"08/01/2015",238.316
"09/01/2015",237.945
"10/01/2015",237.838
"11/01/2015",237.336
"12/01/2015",236.525
"01/01/2016",236.916
"02/01/2016",237.111
"03/01/2016",238.132
"04/01/2016",239.261
"05/01/2016",240.229
"06/01/2016",241.018
"07/01/2016",240.628
"08/01/2016",240.849
"09/01/2016",241.428
"10/01/2016",241.729
"11/01/2016",241.353
"12/01/2016",241.432
"01/01/2017",242.839
"02/01/2017",243.603
"03/01/2017",243.801
"04/01/2017",244.524
"05/01/2017",244.733
"06/01/2017",244.955
"07/01/2017",244.786
"08/01/2017",245.519
"09/01/2017",246.819
"10/01/2017",246.663
"11/01/2017",246.669
"12/01/2017",246.524
"01/01/2018",247.867
"02/01/2018",248.991
"03/01/2018",249.554
"04/01/2018",250.546
"05/01/2018",251.588
"06/01/2018",251.989
"07/01/2018",252.006
"08/01/2018",252.146
"09/01/2018",252.439
"10/01/2018",252.885
"11/01/2018",252.038
"12/01/2018",251.233
"01/01/2019",251.712
"02/01/2019",252.776
"03/01/2019",254.202
"04/01/2019",255.548
"05/01/2019",256.092
"06/01/2019",256.143
"07/01/2019",256.571
"08/01/2019",256.558
"09/01/2019",256.759
"10/01/2019",257.346
"11/01/2019",257.208
"12/01/2019",256.974
"01/01/2020",257.971
"02/01/2020",258.678
"03/01/2020",258.115
"04/01/2020",256.389
"05/01/2020",256.394
"06/01/2020",257.797
"07/01/2020",259.101
"08/01/2020",259.918
"09/01/2020",260.28
"10/01/2020",260.388
"11/01/2020",260.229
"12/01/2020",260.474
"01/01/2021",261.582
"02/01/2021",263.014
"03/01/2021",264.877
"04/01/2021",267.054
"05/01/2021",269.195
"06/01/2021",271.696
"07/01/2021",273.003
"08/01/2021",273.567
"09/01/2021",274.31
"10/01/2021",276.589
"11/01/2021",277.948
"12/01/2021",278.802
"01/01/2022",281.148
"02/01/2022",283.716
"03/01/2022",287.504
"04/01/2022",289.109
"05/01/2022",292.296
"06/01/2022",296.311
"07/01/2022",296.276
"08/01/2022",296.171
"09/01/2022",296.808
"10/01/2022",298.012
"11/01/2022",297.711
"12/01/2022",296.797
"01/01/2023",299.17
"02/01/2023",300.84
"03/01/2023",301.836
"04/01/2023",303.363
"05/01/2023",304.127
"06/01/2023",305.109
"07/01/2023",305.691
"08/01/2023",307.026
"09/01/2023",307.789
"10/01/2023",307.671
"11/01/2023",307.051
"12/01/2023",306.746
"01/01/2024",308.417
"02/01/2024",310.326
"03/01/2024",312.332
"04/01/2024",313.548
"05/01/2024",314.069
"06/01/2024",314.175
"07/01/2024",314.54
"08/01/2024",314.796
"09/01/2024",315.301
"10/01/2024",315.664
"11/01/2024",315.493
"12/01/2024",315.605
"01/01/2025",317.671
"02/01/2025",319.082
"03/01/2025",319.799
"04/01/2025",320.795
"05/01/2025",321.465
"06/01/2025",322.561
"07/01/2025",323.048
"08/01/2025",323.976
"09/01/2025",324.8
"10/01/2025",323.048
"11/01/2025",324.122
"12/01/2025",324.054