id,country,ticker,date,value
1,egypt,usdegp,03/01/2016,7.7301
2,egypt,usdegp,04/01/2016,7.7301
3,egypt,usdegp,05/01/2016,7.7301
4,egypt,usdegp,06/01/2016,7.7301
5,egypt,usdegp,10/01/2016,7.7301
6,egypt,usdegp,11/01/2016,7.7301
7,egypt,usdegp,12/01/2016,7.7301
8,egypt,usdegp,13/01/2016,7.7301
9,egypt,usdegp,14/01/2016,7.7301
10,egypt,usdegp,17/01/2016,7.7301
11,egypt,usdegp,18/01/2016,7.7301
12,egypt,usdegp,19/01/2016,7.7301
13,egypt,usdegp,20/01/2016,7.7301
14,egypt,usdegp,21/01/2016,7.7301
15,egypt,usdegp,24/01/2016,7.7301
16,egypt,usdegp,26/01/2016,7.7301
17,egypt,usdegp,27/01/2016,7.7301
18,egypt,usdegp,28/01/2016,7.7301
19,egypt,usdegp,31/01/2016,7.7301
20,egypt,usdegp,01/02/2016,7.7301
21,egypt,usdegp,02/02/2016,7.7301
22,egypt,usdegp,03/02/2016,7.7301
23,egypt,usdegp,04/02/2016,7.7301
24,egypt,usdegp,07/02/2016,7.7301
25,egypt,usdegp,08/02/2016,7.7301
26,egypt,usdegp,09/02/2016,7.7301
27,egypt,usdegp,10/02/2016,7.7301
28,egypt,usdegp,11/02/2016,7.7301
29,egypt,usdegp,14/02/2016,7.7301
30,egypt,usdegp,15/02/2016,7.7301
31,egypt,usdegp,16/02/2016,7.7301
32,egypt,usdegp,17/02/2016,7.7301
33,egypt,usdegp,18/02/2016,7.7301
34,egypt,usdegp,21/02/2016,7.7301
35,egypt,usdegp,22/02/2016,7.7301
36,egypt,usdegp,23/02/2016,7.7301
37,egypt,usdegp,24/02/2016,7.7301
38,egypt,usdegp,25/02/2016,7.7301
39,egypt,usdegp,28/02/2016,7.7301
40,egypt,usdegp,29/02/2016,7.7301
41,egypt,usdegp,01/03/2016,7.7301
42,egypt,usdegp,02/03/2016,7.7301
43,egypt,usdegp,03/03/2016,7.7301
44,egypt,usdegp,06/03/2016,7.7301
45,egypt,usdegp,07/03/2016,7.7301
46,egypt,usdegp,08/03/2016,7.7301
47,egypt,usdegp,09/03/2016,7.7301
48,egypt,usdegp,10/03/2016,7.7301
49,egypt,usdegp,13/03/2016,7.7301
50,egypt,usdegp,14/03/2016,8.85
51,egypt,usdegp,15/03/2016,8.85
52,egypt,usdegp,16/03/2016,8.78
53,egypt,usdegp,17/03/2016,8.78
54,egypt,usdegp,20/03/2016,8.78
55,egypt,usdegp,21/03/2016,8.78
56,egypt,usdegp,22/03/2016,8.78
57,egypt,usdegp,23/03/2016,8.78
58,egypt,usdegp,24/03/2016,8.78
59,egypt,usdegp,27/03/2016,8.78
60,egypt,usdegp,28/03/2016,8.78
61,egypt,usdegp,29/03/2016,8.78
62,egypt,usdegp,30/03/2016,8.78
63,egypt,usdegp,31/03/2016,8.78
64,egypt,usdegp,03/04/2016,8.78
65,egypt,usdegp,04/04/2016,8.78
66,egypt,usdegp,05/04/2016,8.78
67,egypt,usdegp,06/04/2016,8.78
68,egypt,usdegp,07/04/2016,8.78
69,egypt,usdegp,10/04/2016,8.78
70,egypt,usdegp,11/04/2016,8.78
71,egypt,usdegp,12/04/2016,8.78
72,egypt,usdegp,13/04/2016,8.78
73,egypt,usdegp,14/04/2016,8.78
74,egypt,usdegp,17/04/2016,8.78
75,egypt,usdegp,21/04/2016,8.78
76,egypt,usdegp,22/04/2016,8.78
77,egypt,usdegp,23/04/2016,8.78
78,egypt,usdegp,24/04/2016,8.78
79,egypt,usdegp,26/04/2016,8.78
80,egypt,usdegp,27/04/2016,8.78
81,egypt,usdegp,28/04/2016,8.78
82,egypt,usdegp,03/05/2016,8.78
83,egypt,usdegp,04/05/2016,8.78
84,egypt,usdegp,05/05/2016,8.78
85,egypt,usdegp,08/05/2016,8.78
86,egypt,usdegp,09/05/2016,8.78
87,egypt,usdegp,10/05/2016,8.78
88,egypt,usdegp,11/05/2016,8.78
89,egypt,usdegp,12/05/2016,8.78
90,egypt,usdegp,15/05/2016,8.78
91,egypt,usdegp,16/05/2016,8.78
92,egypt,usdegp,17/05/2016,8.78
93,egypt,usdegp,18/05/2016,8.78
94,egypt,usdegp,19/05/2016,8.78
95,egypt,usdegp,22/05/2016,8.78
96,egypt,usdegp,23/05/2016,8.78
97,egypt,usdegp,24/05/2016,8.78
98,egypt,usdegp,25/05/2016,8.78
99,egypt,usdegp,26/05/2016,8.78
100,egypt,usdegp,29/05/2016,8.78
101,egypt,usdegp,30/05/2016,8.78
102,egypt,usdegp,31/05/2016,8.78
103,egypt,usdegp,01/06/2016,8.78
104,egypt,usdegp,02/06/2016,8.78
105,egypt,usdegp,05/06/2016,8.78
106,egypt,usdegp,06/06/2016,8.78
107,egypt,usdegp,07/06/2016,8.78
108,egypt,usdegp,08/06/2016,8.78
109,egypt,usdegp,09/06/2016,8.78
110,egypt,usdegp,12/06/2016,8.78
111,egypt,usdegp,13/06/2016,8.78
112,egypt,usdegp,14/06/2016,8.78
113,egypt,usdegp,15/06/2016,8.78
114,egypt,usdegp,16/06/2016,8.78
115,egypt,usdegp,19/06/2016,8.78
116,egypt,usdegp,20/06/2016,8.78
117,egypt,usdegp,21/06/2016,8.78
118,egypt,usdegp,22/06/2016,8.78
119,egypt,usdegp,23/06/2016,8.78
120,egypt,usdegp,26/06/2016,8.78
121,egypt,usdegp,27/06/2016,8.78
122,egypt,usdegp,28/06/2016,8.78
123,egypt,usdegp,29/06/2016,8.78
124,egypt,usdegp,03/07/2016,8.78
125,egypt,usdegp,04/07/2016,8.78
126,egypt,usdegp,10/07/2016,8.78
127,egypt,usdegp,11/07/2016,8.78
128,egypt,usdegp,12/07/2016,8.78
129,egypt,usdegp,13/07/2016,8.78
130,egypt,usdegp,14/07/2016,8.78
131,egypt,usdegp,17/07/2016,8.78
132,egypt,usdegp,18/07/2016,8.78
133,egypt,usdegp,19/07/2016,8.78
134,egypt,usdegp,20/07/2016,8.78
135,egypt,usdegp,21/07/2016,8.78
136,egypt,usdegp,24/07/2016,8.78
137,egypt,usdegp,25/07/2016,8.78
138,egypt,usdegp,26/07/2016,8.78
139,egypt,usdegp,27/07/2016,8.78
140,egypt,usdegp,28/07/2016,8.78
141,egypt,usdegp,31/07/2016,8.78
142,egypt,usdegp,01/08/2016,8.78
143,egypt,usdegp,02/08/2016,8.78
144,egypt,usdegp,03/08/2016,8.78
145,egypt,usdegp,04/08/2016,8.78
146,egypt,usdegp,07/08/2016,8.78
147,egypt,usdegp,08/08/2016,8.78
148,egypt,usdegp,09/08/2016,8.78
149,egypt,usdegp,10/08/2016,8.78
150,egypt,usdegp,11/08/2016,8.78
151,egypt,usdegp,14/08/2016,8.78
152,egypt,usdegp,15/08/2016,8.78
153,egypt,usdegp,16/08/2016,8.78
154,egypt,usdegp,17/08/2016,8.78
155,egypt,usdegp,18/08/2016,8.78
156,egypt,usdegp,21/08/2016,8.78
157,egypt,usdegp,25/08/2016,8.78
158,egypt,usdegp,28/08/2016,8.78
159,egypt,usdegp,29/08/2016,8.78
160,egypt,usdegp,30/08/2016,8.78
161,egypt,usdegp,31/08/2016,8.78
162,egypt,usdegp,01/09/2016,8.78
163,egypt,usdegp,04/09/2016,8.78
164,egypt,usdegp,05/09/2016,8.78
165,egypt,usdegp,06/09/2016,8.78
166,egypt,usdegp,07/09/2016,8.78
167,egypt,usdegp,08/09/2016,8.78
168,egypt,usdegp,14/09/2016,8.78
169,egypt,usdegp,15/09/2016,8.78
170,egypt,usdegp,18/09/2016,8.78
171,egypt,usdegp,19/09/2016,8.78
172,egypt,usdegp,20/09/2016,8.78
173,egypt,usdegp,21/09/2016,8.78
174,egypt,usdegp,22/09/2016,8.78
175,egypt,usdegp,25/09/2016,8.78
176,egypt,usdegp,26/09/2016,8.78
177,egypt,usdegp,27/09/2016,8.78
178,egypt,usdegp,28/09/2016,8.78
179,egypt,usdegp,29/09/2016,8.78
180,egypt,usdegp,03/10/2016,8.78
181,egypt,usdegp,04/10/2016,8.78
182,egypt,usdegp,05/10/2016,8.78
183,egypt,usdegp,09/10/2016,8.78
184,egypt,usdegp,10/10/2016,8.78
185,egypt,usdegp,11/10/2016,8.78
186,egypt,usdegp,12/10/2016,8.78
187,egypt,usdegp,13/10/2016,8.78
188,egypt,usdegp,16/10/2016,8.78
189,egypt,usdegp,17/10/2016,8.78
190,egypt,usdegp,18/10/2016,8.78
191,egypt,usdegp,19/10/2016,8.78
192,egypt,usdegp,20/10/2016,8.78
193,egypt,usdegp,23/10/2016,8.78
194,egypt,usdegp,24/10/2016,8.78
195,egypt,usdegp,25/10/2016,8.78
196,egypt,usdegp,26/10/2016,8.78
197,egypt,usdegp,27/10/2016,8.78
198,egypt,usdegp,30/10/2016,8.78
199,egypt,usdegp,31/10/2016,8.78
200,egypt,usdegp,01/11/2016,8.78
201,egypt,usdegp,02/11/2016,8.78
202,egypt,usdegp,03/11/2016,14.645
203,egypt,usdegp,04/11/2016,14.645
204,egypt,usdegp,05/11/2016,14.645
205,egypt,usdegp,06/11/2016,15.9432
206,egypt,usdegp,07/11/2016,16.8372
207,egypt,usdegp,08/11/2016,17.6299
208,egypt,usdegp,09/11/2016,17.3376
209,egypt,usdegp,10/11/2016,16.7481
210,egypt,usdegp,13/11/2016,15.9409
211,egypt,usdegp,14/11/2016,15.5458
212,egypt,usdegp,15/11/2016,15.5174
213,egypt,usdegp,16/11/2016,15.6084
214,egypt,usdegp,17/11/2016,15.8386
215,egypt,usdegp,20/11/2016,17.4007
216,egypt,usdegp,21/11/2016,17.6231
217,egypt,usdegp,22/11/2016,17.5373
218,egypt,usdegp,23/11/2016,17.5232
219,egypt,usdegp,24/11/2016,17.5854
220,egypt,usdegp,27/11/2016,17.6938
221,egypt,usdegp,28/11/2016,17.7473
222,egypt,usdegp,29/11/2016,17.9026
223,egypt,usdegp,30/11/2016,17.9474
224,egypt,usdegp,01/12/2016,17.8946
225,egypt,usdegp,04/12/2016,17.8174
226,egypt,usdegp,05/12/2016,17.8589
227,egypt,usdegp,06/12/2016,17.8684
228,egypt,usdegp,07/12/2016,17.993
229,egypt,usdegp,08/12/2016,18.119
230,egypt,usdegp,12/12/2016,18.2142
231,egypt,usdegp,13/12/2016,18.3467
232,egypt,usdegp,14/12/2016,18.664
233,egypt,usdegp,15/12/2016,18.4724
234,egypt,usdegp,18/12/2016,18.5223
235,egypt,usdegp,19/12/2016,18.9622
236,egypt,usdegp,20/12/2016,19.3568
237,egypt,usdegp,21/12/2016,19.317
238,egypt,usdegp,22/12/2016,19.0641
239,egypt,usdegp,25/12/2016,19.0232
240,egypt,usdegp,26/12/2016,19.0193
241,egypt,usdegp,27/12/2016,19.0166
242,egypt,usdegp,28/12/2016,19.0145
243,egypt,usdegp,29/12/2016,18.2665
244,egypt,usdegp,02/01/2017,18.2672
245,egypt,usdegp,03/01/2017,18.2864
246,egypt,usdegp,04/01/2017,18.2255
247,egypt,usdegp,05/01/2017,18.1651
248,egypt,usdegp,08/01/2017,18.1496
249,egypt,usdegp,09/01/2017,18.2618
250,egypt,usdegp,10/01/2017,18.4588
251,egypt,usdegp,11/01/2017,18.7283
252,egypt,usdegp,12/01/2017,18.7748
253,egypt,usdegp,15/01/2017,18.7672
254,egypt,usdegp,16/01/2017,18.7779
255,egypt,usdegp,17/01/2017,18.8316
256,egypt,usdegp,18/01/2017,18.826
257,egypt,usdegp,19/01/2017,18.8278
258,egypt,usdegp,22/01/2017,18.8164
259,egypt,usdegp,23/01/2017,18.8331
260,egypt,usdegp,24/01/2017,18.8319
261,egypt,usdegp,26/01/2017,18.824
262,egypt,usdegp,29/01/2017,18.8266
263,egypt,usdegp,30/01/2017,18.8328
264,egypt,usdegp,31/01/2017,18.8148
265,egypt,usdegp,01/02/2017,18.8298
266,egypt,usdegp,02/02/2017,18.6949
267,egypt,usdegp,05/02/2017,18.448
268,egypt,usdegp,06/02/2017,18.4123
269,egypt,usdegp,07/02/2017,18.3511
270,egypt,usdegp,08/02/2017,18.152
271,egypt,usdegp,09/02/2017,17.9465
272,egypt,usdegp,12/02/2017,17.5907
273,egypt,usdegp,13/02/2017,17.288
274,egypt,usdegp,14/02/2017,16.5634
275,egypt,usdegp,15/02/2017,16.4474
276,egypt,usdegp,16/02/2017,16.1493
277,egypt,usdegp,19/02/2017,15.8008
278,egypt,usdegp,20/02/2017,15.7827
279,egypt,usdegp,21/02/2017,15.8035
280,egypt,usdegp,22/02/2017,15.7884
281,egypt,usdegp,23/02/2017,15.8128
282,egypt,usdegp,26/02/2017,15.8123
283,egypt,usdegp,27/02/2017,15.8191
284,egypt,usdegp,28/02/2017,15.8214
285,egypt,usdegp,01/03/2017,15.9907
286,egypt,usdegp,02/03/2017,16.2665
287,egypt,usdegp,05/03/2017,16.3928
288,egypt,usdegp,06/03/2017,16.6584
289,egypt,usdegp,07/03/2017,17.3962
290,egypt,usdegp,08/03/2017,17.6947
291,egypt,usdegp,09/03/2017,17.7215
292,egypt,usdegp,12/03/2017,17.697
293,egypt,usdegp,13/03/2017,17.7372
294,egypt,usdegp,14/03/2017,17.99
295,egypt,usdegp,15/03/2017,18.1703
296,egypt,usdegp,16/03/2017,18.1434
297,egypt,usdegp,19/03/2017,18.1396
298,egypt,usdegp,20/03/2017,18.1414
299,egypt,usdegp,21/03/2017,18.1407
300,egypt,usdegp,22/03/2017,18.1422
301,egypt,usdegp,23/03/2017,18.1409
302,egypt,usdegp,26/03/2017,18.1361
303,egypt,usdegp,27/03/2017,18.1358
304,egypt,usdegp,28/03/2017,18.1373
305,egypt,usdegp,29/03/2017,18.1355
306,egypt,usdegp,30/03/2017,18.1396
307,egypt,usdegp,02/04/2017,18.1403
308,egypt,usdegp,03/04/2017,18.1186
309,egypt,usdegp,04/04/2017,18.0611
310,egypt,usdegp,05/04/2017,18.0251
311,egypt,usdegp,06/04/2017,18.0342
312,egypt,usdegp,09/04/2017,18.0386
313,egypt,usdegp,10/04/2017,18.0427
314,egypt,usdegp,11/04/2017,18.0699
315,egypt,usdegp,12/04/2017,18.0819
316,egypt,usdegp,13/04/2017,18.0895
317,egypt,usdegp,18/04/2017,18.0872
318,egypt,usdegp,19/04/2017,18.0918
319,egypt,usdegp,20/04/2017,18.1011
320,egypt,usdegp,23/04/2017,18.0896
321,egypt,usdegp,24/04/2017,18.092
322,egypt,usdegp,26/04/2017,18.0919
323,egypt,usdegp,27/04/2017,18.0738
324,egypt,usdegp,30/04/2017,18.0765
325,egypt,usdegp,02/05/2017,18.075
326,egypt,usdegp,03/05/2017,18.0793
327,egypt,usdegp,04/05/2017,18.0814
328,egypt,usdegp,08/05/2017,18.0738
329,egypt,usdegp,09/05/2017,18.0813
330,egypt,usdegp,10/05/2017,18.0761
331,egypt,usdegp,11/05/2017,18.0824
332,egypt,usdegp,14/05/2017,18.0786
333,egypt,usdegp,15/05/2017,18.0743
334,egypt,usdegp,16/05/2017,18.0801
335,egypt,usdegp,17/05/2017,18.0857
336,egypt,usdegp,18/05/2017,18.0863
337,egypt,usdegp,21/05/2017,18.0832
338,egypt,usdegp,22/05/2017,18.0651
339,egypt,usdegp,23/05/2017,18.0603
340,egypt,usdegp,24/05/2017,18.0658
341,egypt,usdegp,25/05/2017,18.0696
342,egypt,usdegp,28/05/2017,18.0714
343,egypt,usdegp,29/05/2017,18.078
344,egypt,usdegp,30/05/2017,18.0753
345,egypt,usdegp,31/05/2017,18.0868
346,egypt,usdegp,01/06/2017,18.0774
347,egypt,usdegp,04/06/2017,18.0739
348,egypt,usdegp,05/06/2017,18.083
349,egypt,usdegp,06/06/2017,18.082
350,egypt,usdegp,07/06/2017,18.0901
351,egypt,usdegp,08/06/2017,18.0884
352,egypt,usdegp,11/06/2017,18.0859
353,egypt,usdegp,12/06/2017,18.0876
354,egypt,usdegp,13/06/2017,18.0906
355,egypt,usdegp,14/06/2017,18.0908
356,egypt,usdegp,15/06/2017,18.093
357,egypt,usdegp,18/06/2017,18.0961
358,egypt,usdegp,19/06/2017,18.0987
359,egypt,usdegp,20/06/2017,18.097
360,egypt,usdegp,21/06/2017,18.0982
361,egypt,usdegp,22/06/2017,18.0923
362,egypt,usdegp,28/06/2017,18.0911
363,egypt,usdegp,02/07/2017,18.0897
364,egypt,usdegp,03/07/2017,17.9447
365,egypt,usdegp,04/07/2017,17.8914
366,egypt,usdegp,05/07/2017,17.8828
367,egypt,usdegp,06/07/2017,17.8798
368,egypt,usdegp,09/07/2017,17.8764
369,egypt,usdegp,10/07/2017,17.8823
370,egypt,usdegp,11/07/2017,17.89
371,egypt,usdegp,12/07/2017,17.9033
372,egypt,usdegp,13/07/2017,17.9288
373,egypt,usdegp,16/07/2017,17.9397
374,egypt,usdegp,17/07/2017,17.9451
375,egypt,usdegp,18/07/2017,17.9295
376,egypt,usdegp,19/07/2017,17.9291
377,egypt,usdegp,20/07/2017,17.8781
378,egypt,usdegp,24/07/2017,17.8792
379,egypt,usdegp,25/07/2017,17.8981
380,egypt,usdegp,26/07/2017,17.8963
381,egypt,usdegp,27/07/2017,17.8793
382,egypt,usdegp,30/07/2017,17.8861
383,egypt,usdegp,31/07/2017,17.8865
384,egypt,usdegp,01/08/2017,17.8897
385,egypt,usdegp,02/08/2017,17.8395
386,egypt,usdegp,03/08/2017,17.8133
387,egypt,usdegp,06/08/2017,17.7833
388,egypt,usdegp,07/08/2017,17.7821
389,egypt,usdegp,07/08/2017,18.0778
390,egypt,usdegp,08/08/2017,17.78
391,egypt,usdegp,09/08/2017,17.7849
392,egypt,usdegp,10/08/2017,17.7816
393,egypt,usdegp,13/08/2017,17.7762
394,egypt,usdegp,14/08/2017,17.7602
395,egypt,usdegp,15/08/2017,17.7643
396,egypt,usdegp,16/08/2017,17.7642
397,egypt,usdegp,17/08/2017,17.7605
398,egypt,usdegp,20/08/2017,17.7543
399,egypt,usdegp,21/08/2017,17.7494
400,egypt,usdegp,22/08/2017,17.7466
401,egypt,usdegp,23/08/2017,17.728
402,egypt,usdegp,24/08/2017,17.7225
403,egypt,usdegp,27/08/2017,17.7078
404,egypt,usdegp,28/08/2017,17.6739
405,egypt,usdegp,29/08/2017,17.6732
406,egypt,usdegp,30/08/2017,17.655
407,egypt,usdegp,05/09/2017,17.6512
408,egypt,usdegp,06/09/2017,17.6541
409,egypt,usdegp,07/09/2017,17.654
410,egypt,usdegp,10/09/2017,17.657
411,egypt,usdegp,11/09/2017,17.6632
412,egypt,usdegp,12/09/2017,17.6622
413,egypt,usdegp,13/09/2017,17.6585
414,egypt,usdegp,14/09/2017,17.6603
415,egypt,usdegp,17/09/2017,17.661
416,egypt,usdegp,18/09/2017,17.6592
417,egypt,usdegp,19/09/2017,17.6611
418,egypt,usdegp,20/09/2017,17.6587
419,egypt,usdegp,24/09/2017,17.6581
420,egypt,usdegp,25/09/2017,17.6596
421,egypt,usdegp,26/09/2017,17.6591
422,egypt,usdegp,27/09/2017,17.6565
423,egypt,usdegp,28/09/2017,17.6486
424,egypt,usdegp,01/10/2017,17.6387
425,egypt,usdegp,02/10/2017,17.6428
426,egypt,usdegp,03/10/2017,17.6477
427,egypt,usdegp,04/10/2017,17.6455
428,egypt,usdegp,08/10/2017,17.6347
429,egypt,usdegp,09/10/2017,17.6316
430,egypt,usdegp,10/10/2017,17.6313
431,egypt,usdegp,11/10/2017,17.6339
432,egypt,usdegp,12/10/2017,17.6339
433,egypt,usdegp,15/10/2017,17.6344
434,egypt,usdegp,16/10/2017,17.6446
435,egypt,usdegp,17/10/2017,17.6457
436,egypt,usdegp,18/10/2017,17.6443
437,egypt,usdegp,19/10/2017,17.6452
438,egypt,usdegp,22/10/2017,17.6453
439,egypt,usdegp,23/10/2017,17.644
440,egypt,usdegp,24/10/2017,17.6458
441,egypt,usdegp,25/10/2017,17.6473
442,egypt,usdegp,26/10/2017,17.6477
443,egypt,usdegp,29/10/2017,17.651
444,egypt,usdegp,30/10/2017,17.6496
445,egypt,usdegp,31/10/2017,17.6487
446,egypt,usdegp,01/11/2017,17.6433
447,egypt,usdegp,02/11/2017,17.6401
448,egypt,usdegp,05/11/2017,17.6464
449,egypt,usdegp,06/11/2017,17.6459
450,egypt,usdegp,07/11/2017,17.6463
451,egypt,usdegp,08/11/2017,17.6454
452,egypt,usdegp,09/11/2017,17.6474
453,egypt,usdegp,12/11/2017,17.6448
454,egypt,usdegp,13/11/2017,17.6357
455,egypt,usdegp,14/11/2017,17.6384
456,egypt,usdegp,15/11/2017,17.6405
457,egypt,usdegp,16/11/2017,17.6447
458,egypt,usdegp,19/11/2017,17.6443
459,egypt,usdegp,20/11/2017,17.6523
460,egypt,usdegp,21/11/2017,17.6564
461,egypt,usdegp,22/11/2017,17.6877
462,egypt,usdegp,23/11/2017,17.6959
463,egypt,usdegp,26/11/2017,17.6971
464,egypt,usdegp,27/11/2017,17.7179
465,egypt,usdegp,28/11/2017,17.7422
466,egypt,usdegp,29/11/2017,17.7235
467,egypt,usdegp,03/12/2017,17.6997
468,egypt,usdegp,04/12/2017,17.715
469,egypt,usdegp,05/12/2017,17.7438
470,egypt,usdegp,06/12/2017,17.7677
471,egypt,usdegp,07/12/2017,17.8059
472,egypt,usdegp,10/12/2017,17.8146
473,egypt,usdegp,11/12/2017,17.8114
474,egypt,usdegp,12/12/2017,17.8162
475,egypt,usdegp,13/12/2017,17.8218
476,egypt,usdegp,14/12/2017,17.8229
477,egypt,usdegp,17/12/2017,17.8202
478,egypt,usdegp,18/12/2017,17.8255
479,egypt,usdegp,19/12/2017,17.8266
480,egypt,usdegp,20/12/2017,17.826
481,egypt,usdegp,21/12/2017,17.8344
482,egypt,usdegp,24/12/2017,17.8302
483,egypt,usdegp,25/12/2017,17.8332
484,egypt,usdegp,26/12/2017,17.8203
485,egypt,usdegp,27/12/2017,17.818
486,egypt,usdegp,28/12/2017,17.7844
487,egypt,usdegp,31/12/2017,17.7277
488,egypt,usdegp,02/01/2018,17.7277
489,egypt,usdegp,03/01/2018,17.7127
490,egypt,usdegp,04/01/2018,17.7036
491,egypt,usdegp,08/01/2018,17.6918
492,egypt,usdegp,09/01/2018,17.6834
493,egypt,usdegp,10/01/2018,17.7009
494,egypt,usdegp,11/01/2018,17.7057
495,egypt,usdegp,14/01/2018,17.7086
496,egypt,usdegp,15/01/2018,17.7174
497,egypt,usdegp,16/01/2018,17.716
498,egypt,usdegp,17/01/2018,17.7014
499,egypt,usdegp,18/01/2018,17.7015
500,egypt,usdegp,21/01/2018,17.6998
501,egypt,usdegp,22/01/2018,17.7059
502,egypt,usdegp,23/01/2018,17.7106
503,egypt,usdegp,24/01/2018,17.706
504,egypt,usdegp,28/01/2018,17.6879
505,egypt,usdegp,29/01/2018,17.6676
506,egypt,usdegp,30/01/2018,17.6666
507,egypt,usdegp,31/01/2018,17.6717
508,egypt,usdegp,01/02/2018,17.6639
509,egypt,usdegp,04/02/2018,17.6611
510,egypt,usdegp,05/02/2018,17.6706
511,egypt,usdegp,06/02/2018,17.6527
512,egypt,usdegp,07/02/2018,17.6585
513,egypt,usdegp,08/02/2018,17.6642
514,egypt,usdegp,11/02/2018,17.6744
515,egypt,usdegp,12/02/2018,17.6869
516,egypt,usdegp,13/02/2018,17.6987
517,egypt,usdegp,14/02/2018,17.6996
518,egypt,usdegp,15/02/2018,17.6939
519,egypt,usdegp,18/02/2018,17.676
520,egypt,usdegp,19/02/2018,17.6837
521,egypt,usdegp,20/02/2018,17.6861
522,egypt,usdegp,21/02/2018,17.6932
523,egypt,usdegp,22/02/2018,17.6849
524,egypt,usdegp,25/02/2018,17.6849
525,egypt,usdegp,26/02/2018,17.6592
526,egypt,usdegp,27/02/2018,17.6335
527,egypt,usdegp,28/02/2018,17.638
528,egypt,usdegp,01/03/2018,17.6302
529,egypt,usdegp,04/03/2018,17.6273
530,egypt,usdegp,05/03/2018,17.6104
531,egypt,usdegp,06/03/2018,17.6177
532,egypt,usdegp,07/03/2018,17.618
533,egypt,usdegp,08/03/2018,17.6162
534,egypt,usdegp,11/03/2018,17.6143
535,egypt,usdegp,12/03/2018,17.619
536,egypt,usdegp,14/03/2018,17.6226
537,egypt,usdegp,15/03/2018,17.6181
538,egypt,usdegp,17/03/2018,17.625
539,egypt,usdegp,18/03/2018,17.6163
540,egypt,usdegp,18/03/2018,17.6226
541,egypt,usdegp,19/03/2018,17.6334
542,egypt,usdegp,20/03/2018,17.6333
543,egypt,usdegp,21/03/2018,17.6333
544,egypt,usdegp,22/03/2018,17.6352
545,egypt,usdegp,25/03/2018,17.6377
546,egypt,usdegp,28/03/2018,17.6427
547,egypt,usdegp,29/03/2018,17.6441
548,egypt,usdegp,01/04/2018,17.6391
549,egypt,usdegp,02/04/2018,17.6485
550,egypt,usdegp,03/04/2018,17.6541
551,egypt,usdegp,04/04/2018,17.6683
552,egypt,usdegp,05/04/2018,17.676
553,egypt,usdegp,10/04/2018,17.6752
554,egypt,usdegp,11/04/2018,17.6762
555,egypt,usdegp,12/04/2018,17.6817
556,egypt,usdegp,15/04/2018,17.6819
557,egypt,usdegp,16/04/2018,17.689
558,egypt,usdegp,17/04/2018,17.6944
559,egypt,usdegp,18/04/2018,17.6982
560,egypt,usdegp,22/04/2018,17.6998
561,egypt,usdegp,23/04/2018,17.6948
562,egypt,usdegp,24/04/2018,17.7009
563,egypt,usdegp,26/04/2018,17.7
564,egypt,usdegp,29/04/2018,17.6977
565,egypt,usdegp,30/04/2018,17.6727
566,egypt,usdegp,01/05/2018,17.6566
567,egypt,usdegp,02/05/2018,17.6565
568,egypt,usdegp,03/05/2018,17.6618
569,egypt,usdegp,06/05/2018,17.6761
570,egypt,usdegp,07/05/2018,17.6952
571,egypt,usdegp,08/05/2018,17.7298
572,egypt,usdegp,09/05/2018,17.7554
573,egypt,usdegp,10/05/2018,17.783
574,egypt,usdegp,11/05/2018,17.783
575,egypt,usdegp,12/05/2018,17.783
576,egypt,usdegp,13/05/2018,17.801
577,egypt,usdegp,14/05/2018,17.8205
578,egypt,usdegp,15/05/2018,17.8349
579,egypt,usdegp,16/05/2018,17.9183
580,egypt,usdegp,17/05/2018,17.8982
581,egypt,usdegp,18/05/2018,17.8982
582,egypt,usdegp,19/05/2018,17.8982
583,egypt,usdegp,20/05/2018,17.9034
584,egypt,usdegp,21/05/2018,17.9064
585,egypt,usdegp,22/05/2018,17.9097
586,egypt,usdegp,23/05/2018,17.9108
587,egypt,usdegp,24/05/2018,17.9114
588,egypt,usdegp,25/05/2018,17.9114
589,egypt,usdegp,26/05/2018,17.9124
590,egypt,usdegp,27/05/2018,17.9124
591,egypt,usdegp,28/05/2018,17.9174
592,egypt,usdegp,29/05/2018,17.9174
593,egypt,usdegp,30/05/2018,17.9154
594,egypt,usdegp,31/05/2018,17.9044
595,egypt,usdegp,01/06/2018,17.9044
596,egypt,usdegp,02/06/2018,17.9044
597,egypt,usdegp,03/06/2018,17.8974
598,egypt,usdegp,04/06/2018,17.8934
599,egypt,usdegp,05/06/2018,17.8959
600,egypt,usdegp,06/06/2018,17.8864
601,egypt,usdegp,07/06/2018,17.8703
602,egypt,usdegp,08/06/2018,17.8703
603,egypt,usdegp,09/06/2018,17.8568
604,egypt,usdegp,10/06/2018,17.8568
605,egypt,usdegp,11/06/2018,17.85
606,egypt,usdegp,12/06/2018,17.85
607,egypt,usdegp,13/06/2018,17.8514
608,egypt,usdegp,14/06/2018,17.8606
609,egypt,usdegp,19/06/2018,17.8525
610,egypt,usdegp,20/06/2018,17.8701
611,egypt,usdegp,21/06/2018,17.88
612,egypt,usdegp,22/06/2018,17.88
613,egypt,usdegp,23/06/2018,17.8824
614,egypt,usdegp,24/06/2018,17.8824
615,egypt,usdegp,25/06/2018,17.8836
616,egypt,usdegp,26/06/2018,17.8801
617,egypt,usdegp,27/06/2018,17.8865
618,egypt,usdegp,28/06/2018,17.8878
619,egypt,usdegp,29/06/2018,17.8878
620,egypt,usdegp,30/06/2018,17.8936
621,egypt,usdegp,02/07/2018,17.8936
622,egypt,usdegp,03/07/2018,17.8921
623,egypt,usdegp,04/07/2018,17.8787
624,egypt,usdegp,05/07/2018,17.8843
625,egypt,usdegp,06/07/2018,17.8843
626,egypt,usdegp,07/07/2018,17.8872
627,egypt,usdegp,08/07/2018,17.8872
628,egypt,usdegp,09/07/2018,17.8872
629,egypt,usdegp,10/07/2018,17.889
630,egypt,usdegp,11/07/2018,17.888
631,egypt,usdegp,12/07/2018,17.8905
632,egypt,usdegp,15/07/2018,17.89
633,egypt,usdegp,16/07/2018,17.8907
634,egypt,usdegp,17/07/2018,17.8916
635,egypt,usdegp,18/07/2018,17.8916
636,egypt,usdegp,19/07/2018,17.8933
637,egypt,usdegp,20/07/2018,17.8933
638,egypt,usdegp,21/07/2018,17.8928
639,egypt,usdegp,22/07/2018,17.8928
640,egypt,usdegp,24/07/2018,17.8937
641,egypt,usdegp,25/07/2018,17.8936
642,egypt,usdegp,26/07/2018,17.8918
643,egypt,usdegp,27/07/2018,17.8918
644,egypt,usdegp,28/07/2018,17.8948
645,egypt,usdegp,29/07/2018,17.8948
646,egypt,usdegp,30/07/2018,17.8948
647,egypt,usdegp,31/07/2018,17.8675
648,egypt,usdegp,01/08/2018,17.87
649,egypt,usdegp,02/08/2018,17.87
650,egypt,usdegp,03/08/2018,17.87
651,egypt,usdegp,04/08/2018,17.87
652,egypt,usdegp,05/08/2018,17.87
653,egypt,usdegp,07/08/2018,17.8748
654,egypt,usdegp,08/08/2018,17.8749
655,egypt,usdegp,09/08/2018,17.8692
656,egypt,usdegp,12/08/2018,17.8688
657,egypt,usdegp,13/08/2018,17.8772
658,egypt,usdegp,14/08/2018,17.8829
659,egypt,usdegp,15/08/2018,17.8951
660,egypt,usdegp,16/08/2018,17.9
661,egypt,usdegp,19/08/2018,17.9
662,egypt,usdegp,26/08/2018,17.8915
663,egypt,usdegp,27/08/2018,17.8904
664,egypt,usdegp,28/08/2018,17.8964
665,egypt,usdegp,29/08/2018,17.9036
666,egypt,usdegp,30/08/2018,17.9036
667,egypt,usdegp,02/09/2018,17.9034
668,egypt,usdegp,03/09/2018,17.9035
669,egypt,usdegp,04/09/2018,17.9042
670,egypt,usdegp,05/09/2018,17.9097
671,egypt,usdegp,06/09/2018,17.9086
672,egypt,usdegp,09/09/2018,17.913
673,egypt,usdegp,10/09/2018,17.9094
674,egypt,usdegp,12/09/2018,17.9108
675,egypt,usdegp,13/09/2018,17.9123
676,egypt,usdegp,16/09/2018,17.9103
677,egypt,usdegp,17/09/2018,17.9148
678,egypt,usdegp,18/09/2018,17.9134
679,egypt,usdegp,19/09/2018,17.9078
680,egypt,usdegp,20/09/2018,17.9125
681,egypt,usdegp,23/09/2018,17.9121
682,egypt,usdegp,24/09/2018,17.9198
683,egypt,usdegp,25/09/2018,17.9098
684,egypt,usdegp,26/09/2018,17.9119
685,egypt,usdegp,27/09/2018,17.9144
686,egypt,usdegp,30/09/2018,17.9154
687,egypt,usdegp,01/10/2018,17.9145
688,egypt,usdegp,02/10/2018,17.9145
689,egypt,usdegp,03/10/2018,17.9127
690,egypt,usdegp,04/10/2018,17.9138
691,egypt,usdegp,08/10/2018,17.9124
692,egypt,usdegp,09/10/2018,17.9088
693,egypt,usdegp,10/10/2018,17.9114
694,egypt,usdegp,11/10/2018,17.9114
695,egypt,usdegp,14/10/2018,17.9108
696,egypt,usdegp,15/10/2018,17.9118
697,egypt,usdegp,16/10/2018,17.9118
698,egypt,usdegp,17/10/2018,17.9157
699,egypt,usdegp,18/10/2018,17.9098
700,egypt,usdegp,21/10/2018,17.9104
701,egypt,usdegp,22/10/2018,17.9105
702,egypt,usdegp,23/10/2018,17.9163
703,egypt,usdegp,24/10/2018,17.9174
704,egypt,usdegp,25/10/2018,17.9176
705,egypt,usdegp,28/10/2018,17.9151
706,egypt,usdegp,29/10/2018,17.9124
707,egypt,usdegp,30/10/2018,17.9172
708,egypt,usdegp,31/10/2018,17.9091
709,egypt,usdegp,01/11/2018,17.9095
710,egypt,usdegp,04/11/2018,17.908
711,egypt,usdegp,05/11/2018,17.9111
712,egypt,usdegp,06/11/2018,17.9146
713,egypt,usdegp,07/11/2018,17.9123
714,egypt,usdegp,08/11/2018,17.9133
715,egypt,usdegp,11/11/2018,17.9123
716,egypt,usdegp,12/11/2018,17.9123
717,egypt,usdegp,13/11/2018,17.9151
718,egypt,usdegp,14/11/2018,17.9145
719,egypt,usdegp,15/11/2018,17.9189
720,egypt,usdegp,18/11/2018,17.9159
721,egypt,usdegp,19/11/2018,17.9114
722,egypt,usdegp,21/11/2018,17.9151
723,egypt,usdegp,22/11/2018,17.9158
724,egypt,usdegp,25/11/2018,17.9151
725,egypt,usdegp,26/11/2018,17.9162
726,egypt,usdegp,27/11/2018,17.9185
727,egypt,usdegp,28/11/2018,17.9164
728,egypt,usdegp,29/11/2018,17.9187
729,egypt,usdegp,02/12/2018,17.9119
730,egypt,usdegp,03/12/2018,17.9125
731,egypt,usdegp,04/12/2018,17.9126
732,egypt,usdegp,05/12/2018,17.916
733,egypt,usdegp,06/12/2018,17.914
734,egypt,usdegp,09/12/2018,17.9155
735,egypt,usdegp,10/12/2018,17.9123
736,egypt,usdegp,11/12/2018,17.9143
737,egypt,usdegp,12/12/2018,17.9115
738,egypt,usdegp,13/12/2018,17.9146
739,egypt,usdegp,16/12/2018,17.9125
740,egypt,usdegp,17/12/2018,17.9147
741,egypt,usdegp,18/12/2018,17.9159
742,egypt,usdegp,19/12/2018,17.9159
743,egypt,usdegp,20/12/2018,17.9124
744,egypt,usdegp,23/12/2018,17.9142
745,egypt,usdegp,24/12/2018,17.9171
746,egypt,usdegp,25/12/2018,17.9151
747,egypt,usdegp,26/12/2018,17.9157
748,egypt,usdegp,27/12/2018,17.9143
749,egypt,usdegp,30/12/2018,17.9143
750,egypt,usdegp,31/12/2018,17.9166
751,egypt,usdegp,02/01/2019,17.9136
752,egypt,usdegp,03/01/2019,17.9141
753,egypt,usdegp,06/01/2019,17.9134
754,egypt,usdegp,08/01/2019,17.918
755,egypt,usdegp,09/01/2019,17.9172
756,egypt,usdegp,10/01/2019,17.9179
757,egypt,usdegp,13/01/2019,17.9168
758,egypt,usdegp,14/01/2019,17.9173
759,egypt,usdegp,15/01/2019,17.918
760,egypt,usdegp,16/01/2019,17.9157
761,egypt,usdegp,17/01/2019,17.9186
762,egypt,usdegp,20/01/2019,17.9183
763,egypt,usdegp,21/01/2019,17.9176
764,egypt,usdegp,22/01/2019,17.9178
765,egypt,usdegp,23/01/2019,17.9148
766,egypt,usdegp,27/01/2019,17.7
767,egypt,usdegp,28/01/2019,17.6286
768,egypt,usdegp,29/01/2019,17.6318
769,egypt,usdegp,30/01/2019,17.6374
770,egypt,usdegp,31/01/2019,17.6599
771,egypt,usdegp,03/02/2019,17.6657
772,egypt,usdegp,04/02/2019,17.6707
773,egypt,usdegp,05/02/2019,17.628
774,egypt,usdegp,06/02/2019,17.606
775,egypt,usdegp,07/02/2019,17.611
776,egypt,usdegp,10/02/2019,17.6112
777,egypt,usdegp,11/02/2019,17.6099
778,egypt,usdegp,12/02/2019,17.6125
779,egypt,usdegp,13/02/2019,17.6083
780,egypt,usdegp,14/02/2019,17.5522
781,egypt,usdegp,17/02/2019,17.5524
782,egypt,usdegp,18/02/2019,17.5617
783,egypt,usdegp,19/02/2019,17.565
784,egypt,usdegp,20/02/2019,17.569
785,egypt,usdegp,21/02/2019,17.5393
786,egypt,usdegp,24/02/2019,17.5371
787,egypt,usdegp,25/02/2019,17.5269
788,egypt,usdegp,26/02/2019,17.5285
789,egypt,usdegp,27/02/2019,17.5286
790,egypt,usdegp,28/02/2019,17.5311
791,egypt,usdegp,03/03/2019,17.5271
792,egypt,usdegp,04/03/2019,17.5167
793,egypt,usdegp,05/03/2019,17.488
794,egypt,usdegp,06/03/2019,17.4845
795,egypt,usdegp,07/03/2019,17.448
796,egypt,usdegp,10/03/2019,17.4411
797,egypt,usdegp,11/03/2019,17.4343
798,egypt,usdegp,12/03/2019,17.4334
799,egypt,usdegp,13/03/2019,17.4155
800,egypt,usdegp,14/03/2019,17.3939
801,egypt,usdegp,17/03/2019,17.3848
802,egypt,usdegp,18/03/2019,17.3316
803,egypt,usdegp,19/03/2019,17.2922
804,egypt,usdegp,20/03/2019,17.295
805,egypt,usdegp,21/03/2019,17.2873
806,egypt,usdegp,24/03/2019,17.2847
807,egypt,usdegp,25/03/2019,17.2912
808,egypt,usdegp,26/03/2019,17.3022
809,egypt,usdegp,27/03/2019,17.3239
810,egypt,usdegp,28/03/2019,17.323
811,egypt,usdegp,31/03/2019,17.3196
812,egypt,usdegp,01/04/2019,17.3245
813,egypt,usdegp,02/04/2019,17.3234
814,egypt,usdegp,03/04/2019,17.3252
815,egypt,usdegp,04/04/2019,17.3249
816,egypt,usdegp,07/04/2019,17.3235
817,egypt,usdegp,08/04/2019,17.3262
818,egypt,usdegp,09/04/2019,17.3221
819,egypt,usdegp,10/04/2019,17.3287
820,egypt,usdegp,11/04/2019,17.3272
821,egypt,usdegp,14/04/2019,17.305
822,egypt,usdegp,15/04/2019,17.3167
823,egypt,usdegp,16/04/2019,17.3196
824,egypt,usdegp,17/04/2019,17.2638
825,egypt,usdegp,18/04/2019,17.1893
826,egypt,usdegp,21/04/2019,17.1664
827,egypt,usdegp,22/04/2019,17.1676
828,egypt,usdegp,23/04/2019,17.1691
829,egypt,usdegp,30/04/2019,17.1736
830,egypt,usdegp,02/05/2019,17.1739
831,egypt,usdegp,05/05/2019,17.1662
832,egypt,usdegp,06/05/2019,17.1571
833,egypt,usdegp,07/05/2019,17.1558
834,egypt,usdegp,08/05/2019,17.1582
835,egypt,usdegp,09/05/2019,17.1288
836,egypt,usdegp,12/05/2019,17.1252
837,egypt,usdegp,13/05/2019,17.0781
838,egypt,usdegp,14/05/2019,17.0752
839,egypt,usdegp,15/05/2019,17.0789
840,egypt,usdegp,16/05/2019,17.0424
841,egypt,usdegp,19/05/2019,17.0409
842,egypt,usdegp,20/05/2019,17.0245
843,egypt,usdegp,21/05/2019,17.0237
844,egypt,usdegp,22/05/2019,16.9955
845,egypt,usdegp,23/05/2019,16.8725
846,egypt,usdegp,26/05/2019,16.8551
847,egypt,usdegp,27/05/2019,16.8268
848,egypt,usdegp,28/05/2019,16.8227
849,egypt,usdegp,29/05/2019,16.824
850,egypt,usdegp,30/05/2019,16.8058
851,egypt,usdegp,02/06/2019,16.7704
852,egypt,usdegp,03/06/2019,16.7601
853,egypt,usdegp,09/06/2019,16.7602
854,egypt,usdegp,10/06/2019,16.7395
855,egypt,usdegp,11/06/2019,16.737
856,egypt,usdegp,12/06/2019,16.7395
857,egypt,usdegp,13/06/2019,16.7512
858,egypt,usdegp,16/06/2019,16.7474
859,egypt,usdegp,17/06/2019,16.7523
860,egypt,usdegp,18/06/2019,16.7663
861,egypt,usdegp,19/06/2019,16.7414
862,egypt,usdegp,20/06/2019,16.6902
863,egypt,usdegp,23/06/2019,16.6896
864,egypt,usdegp,24/06/2019,16.701
865,egypt,usdegp,25/06/2019,16.7038
866,egypt,usdegp,26/06/2019,16.7055
867,egypt,usdegp,27/06/2019,16.7057
868,egypt,usdegp,02/07/2019,16.6296
869,egypt,usdegp,03/07/2019,16.6138
870,egypt,usdegp,04/07/2019,16.6117
871,egypt,usdegp,07/07/2019,16.61
872,egypt,usdegp,08/07/2019,16.6058
873,egypt,usdegp,09/07/2019,16.6095
874,egypt,usdegp,10/07/2019,16.6152
875,egypt,usdegp,11/07/2019,16.6165
876,egypt,usdegp,14/07/2019,16.6049
877,egypt,usdegp,15/07/2019,16.6065
878,egypt,usdegp,16/07/2019,16.6078
879,egypt,usdegp,17/07/2019,16.614
880,egypt,usdegp,18/07/2019,16.6183
881,egypt,usdegp,21/07/2019,16.6166
882,egypt,usdegp,22/07/2019,16.6217
883,egypt,usdegp,24/07/2019,16.6019
884,egypt,usdegp,25/07/2019,16.5893
885,egypt,usdegp,28/07/2019,16.5878
886,egypt,usdegp,29/07/2019,16.5834
887,egypt,usdegp,30/07/2019,16.5628
888,egypt,usdegp,31/07/2019,16.5604
889,egypt,usdegp,01/08/2019,16.5568
890,egypt,usdegp,04/08/2019,16.5373
891,egypt,usdegp,05/08/2019,16.5462
892,egypt,usdegp,06/08/2019,16.5569
893,egypt,usdegp,07/08/2019,16.5536
894,egypt,usdegp,08/08/2019,16.5645
895,egypt,usdegp,14/08/2019,16.585
896,egypt,usdegp,15/08/2019,16.5936
897,egypt,usdegp,18/08/2019,16.5969
898,egypt,usdegp,19/08/2019,16.5945
899,egypt,usdegp,20/08/2019,16.5986
900,egypt,usdegp,21/08/2019,16.5978
901,egypt,usdegp,22/08/2019,16.5985
902,egypt,usdegp,25/08/2019,16.5705
903,egypt,usdegp,26/08/2019,16.5446
904,egypt,usdegp,27/08/2019,16.5576
905,egypt,usdegp,28/08/2019,16.556
906,egypt,usdegp,29/08/2019,16.5586
907,egypt,usdegp,01/09/2019,16.5613
908,egypt,usdegp,02/09/2019,16.5642
909,egypt,usdegp,03/09/2019,16.563
910,egypt,usdegp,04/09/2019,16.5327
911,egypt,usdegp,05/09/2019,16.4864
912,egypt,usdegp,08/09/2019,16.4702
913,egypt,usdegp,09/09/2019,16.473
914,egypt,usdegp,10/09/2019,16.4498
915,egypt,usdegp,11/09/2019,16.4421
916,egypt,usdegp,12/09/2019,16.4182
917,egypt,usdegp,15/09/2019,16.3815
918,egypt,usdegp,16/09/2019,16.3607
919,egypt,usdegp,17/09/2019,16.3429
920,egypt,usdegp,18/09/2019,16.3255
921,egypt,usdegp,19/09/2019,16.2903
922,egypt,usdegp,22/09/2019,16.2875
923,egypt,usdegp,23/09/2019,16.3042
924,egypt,usdegp,24/09/2019,16.3081
925,egypt,usdegp,25/09/2019,16.3195
926,egypt,usdegp,26/09/2019,16.3219
927,egypt,usdegp,29/09/2019,16.2592
928,egypt,usdegp,30/09/2019,16.2721
929,egypt,usdegp,01/10/2019,16.271
930,egypt,usdegp,02/10/2019,16.296
931,egypt,usdegp,03/10/2019,16.3019
932,egypt,usdegp,07/10/2019,16.3047
933,egypt,usdegp,08/10/2019,16.3077
934,egypt,usdegp,09/10/2019,16.2978
935,egypt,usdegp,10/10/2019,16.2734
936,egypt,usdegp,13/10/2019,16.2556
937,egypt,usdegp,14/10/2019,16.2473
938,egypt,usdegp,15/10/2019,16.227
939,egypt,usdegp,16/10/2019,16.2193
940,egypt,usdegp,17/10/2019,16.234
941,egypt,usdegp,20/10/2019,16.2245
942,egypt,usdegp,21/10/2019,16.2114
943,egypt,usdegp,22/10/2019,16.1982
944,egypt,usdegp,23/10/2019,16.1813
945,egypt,usdegp,24/10/2019,16.1376
946,egypt,usdegp,27/10/2019,16.1342
947,egypt,usdegp,28/10/2019,16.1304
948,egypt,usdegp,29/10/2019,16.1377
949,egypt,usdegp,30/10/2019,16.1468
950,egypt,usdegp,31/10/2019,16.1388
951,egypt,usdegp,03/11/2019,16.1302
952,egypt,usdegp,04/11/2019,16.1386
953,egypt,usdegp,05/11/2019,16.1349
954,egypt,usdegp,06/11/2019,16.1408
955,egypt,usdegp,07/11/2019,16.1479
956,egypt,usdegp,11/11/2019,16.1484
957,egypt,usdegp,12/11/2019,16.1495
958,egypt,usdegp,13/11/2019,16.1376
959,egypt,usdegp,14/11/2019,16.1173
960,egypt,usdegp,17/11/2019,16.116
961,egypt,usdegp,18/11/2019,16.1241
962,egypt,usdegp,19/11/2019,16.0997
963,egypt,usdegp,20/11/2019,16.1083
964,egypt,usdegp,21/11/2019,16.1144
965,egypt,usdegp,24/11/2019,16.116
966,egypt,usdegp,25/11/2019,16.1237
967,egypt,usdegp,26/11/2019,16.122
968,egypt,usdegp,27/11/2019,16.1199
969,egypt,usdegp,28/11/2019,16.1224
970,egypt,usdegp,01/12/2019,16.122
971,egypt,usdegp,02/12/2019,16.1237
972,egypt,usdegp,03/12/2019,16.1237
973,egypt,usdegp,04/12/2019,16.1264
974,egypt,usdegp,05/12/2019,16.1315
975,egypt,usdegp,08/12/2019,16.1311
976,egypt,usdegp,09/12/2019,16.1424
977,egypt,usdegp,10/12/2019,16.1391
978,egypt,usdegp,11/12/2019,16.1442
979,egypt,usdegp,12/12/2019,16.1413
980,egypt,usdegp,15/12/2019,16.0951
981,egypt,usdegp,16/12/2019,16.0369
982,egypt,usdegp,17/12/2019,16.03
983,egypt,usdegp,18/12/2019,16.0456
984,egypt,usdegp,19/12/2019,16.0348
985,egypt,usdegp,22/12/2019,16.04
986,egypt,usdegp,23/12/2019,16.044
987,egypt,usdegp,24/12/2019,16.053
988,egypt,usdegp,25/12/2019,16.0497
989,egypt,usdegp,26/12/2019,16.0465
990,egypt,usdegp,29/12/2019,16.0482
991,egypt,usdegp,30/12/2019,16.0462
992,egypt,usdegp,31/12/2019,16.0415
993,egypt,usdegp,02/01/2020,16.037
994,egypt,usdegp,05/01/2020,16.048
995,egypt,usdegp,06/01/2020,16.055
996,egypt,usdegp,08/01/2020,16.0582
997,egypt,usdegp,09/01/2020,15.9822
998,egypt,usdegp,12/01/2020,15.9417
999,egypt,usdegp,13/01/2020,15.9122
1000,egypt,usdegp,14/01/2020,15.8813
1001,egypt,usdegp,15/01/2020,15.8561
1002,egypt,usdegp,16/01/2020,15.8231
1003,egypt,usdegp,19/01/2020,15.8177
1004,egypt,usdegp,20/01/2020,15.7897
1005,egypt,usdegp,21/01/2020,15.791
1006,egypt,usdegp,22/01/2020,15.8009
1007,egypt,usdegp,23/01/2020,15.796
1008,egypt,usdegp,26/01/2020,15.7798
1009,egypt,usdegp,27/01/2020,15.7876
1010,egypt,usdegp,28/01/2020,15.8022
1011,egypt,usdegp,29/01/2020,15.801
1012,egypt,usdegp,30/01/2020,15.8079
1013,egypt,usdegp,02/02/2020,15.802
1014,egypt,usdegp,03/02/2020,15.8098
1015,egypt,usdegp,04/02/2020,15.8044
1016,egypt,usdegp,05/02/2020,15.7886
1017,egypt,usdegp,06/02/2020,15.7654
1018,egypt,usdegp,09/02/2020,15.7502
1019,egypt,usdegp,10/02/2020,15.7217
1020,egypt,usdegp,11/02/2020,15.7132
1021,egypt,usdegp,12/02/2020,15.7138
1022,egypt,usdegp,13/02/2020,15.6945
1023,egypt,usdegp,16/02/2020,15.6474
1024,egypt,usdegp,17/02/2020,15.6482
1025,egypt,usdegp,18/02/2020,15.6259
1026,egypt,usdegp,19/02/2020,15.601
1027,egypt,usdegp,20/02/2020,15.5622
1028,egypt,usdegp,23/02/2020,15.5498
1029,egypt,usdegp,24/02/2020,15.5599
1030,egypt,usdegp,25/02/2020,15.5825
1031,egypt,usdegp,26/02/2020,15.6002
1032,egypt,usdegp,27/02/2020,15.6165
1033,egypt,usdegp,01/03/2020,15.6381
1034,egypt,usdegp,02/03/2020,15.6502
1035,egypt,usdegp,03/03/2020,15.6517
1036,egypt,usdegp,04/03/2020,15.6489
1037,egypt,usdegp,05/03/2020,15.6302
1038,egypt,usdegp,08/03/2020,15.6498
1039,egypt,usdegp,09/03/2020,15.7152
1040,egypt,usdegp,10/03/2020,15.7265
1041,egypt,usdegp,11/03/2020,15.7238
1042,egypt,usdegp,15/03/2020,15.7531
1043,egypt,usdegp,16/03/2020,15.7547
1044,egypt,usdegp,17/03/2020,15.7537
1045,egypt,usdegp,18/03/2020,15.753
1046,egypt,usdegp,19/03/2020,15.7548
1047,egypt,usdegp,22/03/2020,15.7534
1048,egypt,usdegp,23/03/2020,15.7521
1049,egypt,usdegp,24/03/2020,15.753
1050,egypt,usdegp,25/03/2020,15.7535
1051,egypt,usdegp,26/03/2020,15.7531
1052,egypt,usdegp,29/03/2020,15.7536
1053,egypt,usdegp,30/03/2020,15.7531
1054,egypt,usdegp,31/03/2020,15.7532
1055,egypt,usdegp,01/04/2020,15.7523
1056,egypt,usdegp,02/04/2020,15.7531
1057,egypt,usdegp,05/04/2020,15.7528
1058,egypt,usdegp,06/04/2020,15.7532
1059,egypt,usdegp,07/04/2020,15.753
1060,egypt,usdegp,08/04/2020,15.7545
1061,egypt,usdegp,09/04/2020,15.7532
1062,egypt,usdegp,12/04/2020,15.7532
1063,egypt,usdegp,13/04/2020,15.7532
1064,egypt,usdegp,14/04/2020,15.7532
1065,egypt,usdegp,15/04/2020,15.7537
1066,egypt,usdegp,16/04/2020,15.7537
1067,egypt,usdegp,21/04/2020,15.7547
1068,egypt,usdegp,22/04/2020,15.7546
1069,egypt,usdegp,23/04/2020,15.7536
1070,egypt,usdegp,26/04/2020,15.7545
1071,egypt,usdegp,27/04/2020,15.7542
1072,egypt,usdegp,28/04/2020,15.7543
1073,egypt,usdegp,29/04/2020,15.7543
1074,egypt,usdegp,30/04/2020,15.754
1075,egypt,usdegp,03/05/2020,15.7543
1076,egypt,usdegp,04/05/2020,15.7543
1077,egypt,usdegp,05/05/2020,15.754
1078,egypt,usdegp,06/05/2020,15.7546
1079,egypt,usdegp,07/05/2020,15.7544
1080,egypt,usdegp,10/05/2020,15.7529
1081,egypt,usdegp,11/05/2020,15.7541
1082,egypt,usdegp,12/05/2020,15.7531
1083,egypt,usdegp,13/05/2020,15.7552
1084,egypt,usdegp,14/05/2020,15.7551
1085,egypt,usdegp,17/05/2020,15.7537
1086,egypt,usdegp,18/05/2020,15.7923
1087,egypt,usdegp,19/05/2020,15.793
1088,egypt,usdegp,20/05/2020,15.8255
1089,egypt,usdegp,21/05/2020,15.863
1090,egypt,usdegp,30/05/2020,15.863
1091,egypt,usdegp,31/05/2020,15.8924
1092,egypt,usdegp,01/06/2020,15.9329
1093,egypt,usdegp,02/06/2020,15.9822
1094,egypt,usdegp,03/06/2020,16.0825
1095,egypt,usdegp,04/06/2020,16.2033
1096,egypt,usdegp,07/06/2020,16.2213
1097,egypt,usdegp,08/06/2020,16.1932
1098,egypt,usdegp,09/06/2020,16.1799
1099,egypt,usdegp,10/06/2020,16.1856
1100,egypt,usdegp,11/06/2020,16.1768
1101,egypt,usdegp,14/06/2020,16.1811
1102,egypt,usdegp,15/06/2020,16.1842
1103,egypt,usdegp,16/06/2020,16.1827
1104,egypt,usdegp,17/06/2020,16.1831
1105,egypt,usdegp,18/06/2020,16.1811
1106,egypt,usdegp,21/06/2020,16.1758
1107,egypt,usdegp,22/06/2020,16.1806
1108,egypt,usdegp,23/06/2020,16.1701
1109,egypt,usdegp,24/06/2020,16.174
1110,egypt,usdegp,25/06/2020,16.1732
1111,egypt,usdegp,28/06/2020,16.1727
1112,egypt,usdegp,29/06/2020,16.1617
1113,egypt,usdegp,30/06/2020,16.1384
1114,egypt,usdegp,05/07/2020,16.092
1115,egypt,usdegp,06/07/2020,16.0604
1116,egypt,usdegp,07/07/2020,16.0397
1117,egypt,usdegp,08/07/2020,16.0178
1118,egypt,usdegp,09/07/2020,15.9883
1119,egypt,usdegp,12/07/2020,15.9692
1120,egypt,usdegp,13/07/2020,15.9488
1121,egypt,usdegp,14/07/2020,15.9555
1122,egypt,usdegp,15/07/2020,15.9694
1123,egypt,usdegp,16/07/2020,15.9732
1124,egypt,usdegp,19/07/2020,15.9707
1125,egypt,usdegp,20/07/2020,15.9729
1126,egypt,usdegp,21/07/2020,15.9793
1127,egypt,usdegp,22/07/2020,15.991
1128,egypt,usdegp,26/07/2020,15.9894
1129,egypt,usdegp,27/07/2020,15.9869
1130,egypt,usdegp,28/07/2020,15.984
1131,egypt,usdegp,29/07/2020,15.9831
1132,egypt,usdegp,04/08/2020,15.9855
1133,egypt,usdegp,05/08/2020,15.9898
1134,egypt,usdegp,06/08/2020,15.9685
1135,egypt,usdegp,09/08/2020,15.9764
1136,egypt,usdegp,10/08/2020,15.9789
1137,egypt,usdegp,11/08/2020,15.9795
1138,egypt,usdegp,12/08/2020,15.9635
1139,egypt,usdegp,13/08/2020,15.9267
1140,egypt,usdegp,16/08/2020,15.9252
1141,egypt,usdegp,17/08/2020,15.929
1142,egypt,usdegp,18/08/2020,15.9336
1143,egypt,usdegp,19/08/2020,15.9316
1144,egypt,usdegp,23/08/2020,15.9299
1145,egypt,usdegp,24/08/2020,15.8898
1146,egypt,usdegp,25/08/2020,15.8892
1147,egypt,usdegp,26/08/2020,15.8729
1148,egypt,usdegp,27/08/2020,15.8623
1149,egypt,usdegp,30/08/2020,15.86
1150,egypt,usdegp,31/08/2020,15.8554
1151,egypt,usdegp,01/09/2020,15.8607
1152,egypt,usdegp,02/09/2020,15.8449
1153,egypt,usdegp,03/09/2020,15.8157
1154,egypt,usdegp,06/09/2020,15.8032
1155,egypt,usdegp,07/09/2020,15.7952
1156,egypt,usdegp,08/09/2020,15.789
1157,egypt,usdegp,09/09/2020,15.7856
1158,egypt,usdegp,10/09/2020,15.7512
1159,egypt,usdegp,13/09/2020,15.7495
1160,egypt,usdegp,14/09/2020,15.7586
1161,egypt,usdegp,15/09/2020,15.7575
1162,egypt,usdegp,16/09/2020,15.7509
1163,egypt,usdegp,17/09/2020,15.7402
1164,egypt,usdegp,20/09/2020,15.7322
1165,egypt,usdegp,21/09/2020,15.7345
1166,egypt,usdegp,22/09/2020,15.7597
1167,egypt,usdegp,23/09/2020,15.7609
1168,egypt,usdegp,24/09/2020,15.7618
1169,egypt,usdegp,27/09/2020,15.7625
1170,egypt,usdegp,28/09/2020,15.76
1171,egypt,usdegp,29/09/2020,15.7606
1172,egypt,usdegp,30/09/2020,15.7625
1173,egypt,usdegp,01/10/2020,15.7458
1174,egypt,usdegp,04/10/2020,15.7273
1175,egypt,usdegp,05/10/2020,15.7329
1176,egypt,usdegp,06/10/2020,15.7204
1177,egypt,usdegp,07/10/2020,15.7089
1178,egypt,usdegp,11/10/2020,15.6907
1179,egypt,usdegp,12/10/2020,15.6944
1180,egypt,usdegp,13/10/2020,15.6803
1181,egypt,usdegp,14/10/2020,15.6855
1182,egypt,usdegp,15/10/2020,15.6855
1183,egypt,usdegp,18/10/2020,15.6875
1184,egypt,usdegp,19/10/2020,15.6936
1185,egypt,usdegp,20/10/2020,15.6967
1186,egypt,usdegp,21/10/2020,15.7059
1187,egypt,usdegp,22/10/2020,15.7076
1188,egypt,usdegp,25/10/2020,15.7053
1189,egypt,usdegp,26/10/2020,15.7109
1190,egypt,usdegp,27/10/2020,15.7092
1191,egypt,usdegp,28/10/2020,15.7111
1192,egypt,usdegp,01/11/2020,15.712
1193,egypt,usdegp,02/11/2020,15.7206
1194,egypt,usdegp,03/11/2020,15.7225
1195,egypt,usdegp,04/11/2020,15.7223
1196,egypt,usdegp,05/11/2020,15.6825
1197,egypt,usdegp,08/11/2020,15.6689
1198,egypt,usdegp,09/11/2020,15.6594
1199,egypt,usdegp,10/11/2020,15.645
1200,egypt,usdegp,11/11/2020,15.6514
1201,egypt,usdegp,12/11/2020,15.64
1202,egypt,usdegp,15/11/2020,15.6377
1203,egypt,usdegp,16/11/2020,15.6445
1204,egypt,usdegp,17/11/2020,15.6251
1205,egypt,usdegp,18/11/2020,15.6237
1206,egypt,usdegp,19/11/2020,15.6216
1207,egypt,usdegp,22/11/2020,15.6266
1208,egypt,usdegp,23/11/2020,15.6426
1209,egypt,usdegp,24/11/2020,15.6518
1210,egypt,usdegp,25/11/2020,15.6598
1211,egypt,usdegp,26/11/2020,15.6622
1212,egypt,usdegp,29/11/2020,15.6649
1213,egypt,usdegp,30/11/2020,15.6609
1214,egypt,usdegp,01/12/2020,15.6618
1215,egypt,usdegp,02/12/2020,15.6649
1216,egypt,usdegp,03/12/2020,15.675
1217,egypt,usdegp,06/12/2020,15.6723
1218,egypt,usdegp,07/12/2020,15.6723
1219,egypt,usdegp,08/12/2020,15.6809
1220,egypt,usdegp,09/12/2020,15.6949
1221,egypt,usdegp,10/12/2020,15.713
1222,egypt,usdegp,13/12/2020,15.7123
1223,egypt,usdegp,14/12/2020,15.7225
1224,egypt,usdegp,15/12/2020,15.7292
1225,egypt,usdegp,16/12/2020,15.7009
1226,egypt,usdegp,17/12/2020,15.7113
1227,egypt,usdegp,20/12/2020,15.6655
1228,egypt,usdegp,21/12/2020,15.6629
1229,egypt,usdegp,22/12/2020,15.6909
1230,egypt,usdegp,23/12/2020,15.6939
1231,egypt,usdegp,24/12/2020,15.703
1232,egypt,usdegp,28/12/2020,15.7176
1233,egypt,usdegp,29/12/2020,15.7283
1234,egypt,usdegp,30/12/2020,15.739
1235,egypt,usdegp,31/12/2020,15.7321
1236,egypt,usdegp,03/01/2021,15.7252
1237,egypt,usdegp,04/01/2021,15.7256
1238,egypt,usdegp,05/01/2021,15.6956
1239,egypt,usdegp,06/01/2021,15.6854
1240,egypt,usdegp,10/01/2021,15.6614
1241,egypt,usdegp,11/01/2021,15.6491
1242,egypt,usdegp,12/01/2021,15.6665
1243,egypt,usdegp,13/01/2021,15.6784
1244,egypt,usdegp,14/01/2021,15.68
1245,egypt,usdegp,17/01/2021,15.6804
1246,egypt,usdegp,18/01/2021,15.702
1247,egypt,usdegp,19/01/2021,15.7148
1248,egypt,usdegp,20/01/2021,15.7317
1249,egypt,usdegp,21/01/2021,15.7306
1250,egypt,usdegp,24/01/2021,15.7316
1251,egypt,usdegp,25/01/2021,15.7295
1252,egypt,usdegp,26/01/2021,15.7317
1253,egypt,usdegp,27/01/2021,15.7319
1254,egypt,usdegp,31/01/2021,15.7316
1255,egypt,usdegp,01/02/2021,15.729
1256,egypt,usdegp,02/02/2021,15.7298
1257,egypt,usdegp,03/02/2021,15.7186
1258,egypt,usdegp,04/02/2021,15.6744
1259,egypt,usdegp,07/02/2021,15.655
1260,egypt,usdegp,08/02/2021,15.6453
1261,egypt,usdegp,09/02/2021,15.6468
1262,egypt,usdegp,10/02/2021,15.646
1263,egypt,usdegp,11/02/2021,15.615
1264,egypt,usdegp,14/02/2021,15.6019
1265,egypt,usdegp,15/02/2021,15.6104
1266,egypt,usdegp,16/02/2021,15.621
1267,egypt,usdegp,17/02/2021,15.6447
1268,egypt,usdegp,18/02/2021,15.665
1269,egypt,usdegp,21/02/2021,15.659
1270,egypt,usdegp,22/02/2021,15.6767
1271,egypt,usdegp,23/02/2021,15.6808
1272,egypt,usdegp,24/02/2021,15.6802
1273,egypt,usdegp,25/02/2021,15.6972
1274,egypt,usdegp,28/02/2021,15.7091
1275,egypt,usdegp,01/03/2021,15.7293
1276,egypt,usdegp,02/03/2021,15.6966
1277,egypt,usdegp,03/03/2021,15.6642
1278,egypt,usdegp,04/03/2021,15.6881
1279,egypt,usdegp,07/03/2021,15.7007
1280,egypt,usdegp,08/03/2021,15.7291
1281,egypt,usdegp,09/03/2021,15.7284
1282,egypt,usdegp,10/03/2021,15.732
1283,egypt,usdegp,11/03/2021,15.6903
1284,egypt,usdegp,14/03/2021,15.682
1285,egypt,usdegp,15/03/2021,15.7108
1286,egypt,usdegp,16/03/2021,15.7078
1287,egypt,usdegp,17/03/2021,15.7108
1288,egypt,usdegp,18/03/2021,15.7114
1289,egypt,usdegp,21/03/2021,15.7038
1290,egypt,usdegp,22/03/2021,15.7331
1291,egypt,usdegp,23/03/2021,15.7599
1292,egypt,usdegp,24/03/2021,15.7616
1293,egypt,usdegp,25/03/2021,15.7347
1294,egypt,usdegp,28/03/2021,15.7231
1295,egypt,usdegp,29/03/2021,15.715
1296,egypt,usdegp,30/03/2021,15.7183
1297,egypt,usdegp,31/03/2021,15.7091
1298,egypt,usdegp,01/04/2021,15.7098
1299,egypt,usdegp,04/04/2021,15.7106
1300,egypt,usdegp,05/04/2021,15.7123
1301,egypt,usdegp,06/04/2021,15.712
1302,egypt,usdegp,07/04/2021,15.7118
1303,egypt,usdegp,08/04/2021,15.7131
1304,egypt,usdegp,11/04/2021,15.6877
1305,egypt,usdegp,12/04/2021,15.6899
1306,egypt,usdegp,13/04/2021,15.6923
1307,egypt,usdegp,14/04/2021,15.6931
1308,egypt,usdegp,15/04/2021,15.6753
1309,egypt,usdegp,18/04/2021,15.6788
1310,egypt,usdegp,19/04/2021,15.6859
1311,egypt,usdegp,20/04/2021,15.6852
1312,egypt,usdegp,21/04/2021,15.684
1313,egypt,usdegp,22/04/2021,15.6854
1314,egypt,usdegp,25/04/2021,15.6829
1315,egypt,usdegp,26/04/2021,15.6843
1316,egypt,usdegp,27/04/2021,15.6824
1317,egypt,usdegp,28/04/2021,15.6833
1318,egypt,usdegp,04/05/2021,15.6678
1319,egypt,usdegp,05/05/2021,15.6699
1320,egypt,usdegp,06/05/2021,15.6682
1321,egypt,usdegp,09/05/2021,15.6694
1322,egypt,usdegp,10/05/2021,15.673
1323,egypt,usdegp,11/05/2021,15.6817
1324,egypt,usdegp,17/05/2021,15.6831
1325,egypt,usdegp,18/05/2021,15.683
1326,egypt,usdegp,19/05/2021,15.6803
1327,egypt,usdegp,20/05/2021,15.6835
1328,egypt,usdegp,23/05/2021,15.6711
1329,egypt,usdegp,24/05/2021,15.6745
1330,egypt,usdegp,25/05/2021,15.6734
1331,egypt,usdegp,26/05/2021,15.6733
1332,egypt,usdegp,27/05/2021,15.6851
1333,egypt,usdegp,30/05/2021,15.6871
1334,egypt,usdegp,31/05/2021,15.6828
1335,egypt,usdegp,01/06/2021,15.6826
1336,egypt,usdegp,02/06/2021,15.6926
1337,egypt,usdegp,03/06/2021,15.691
1338,egypt,usdegp,06/06/2021,15.6948
1339,egypt,usdegp,07/06/2021,15.6903
1340,egypt,usdegp,08/06/2021,15.67
1341,egypt,usdegp,09/06/2021,15.6749
1342,egypt,usdegp,10/06/2021,15.6508
1343,egypt,usdegp,13/06/2021,15.6522
1344,egypt,usdegp,14/06/2021,15.6528
1345,egypt,usdegp,15/06/2021,15.6558
1346,egypt,usdegp,16/06/2021,15.6549
1347,egypt,usdegp,17/06/2021,15.6544
1348,egypt,usdegp,20/06/2021,15.6529
1349,egypt,usdegp,21/06/2021,15.6659
1350,egypt,usdegp,22/06/2021,15.6633
1351,egypt,usdegp,23/06/2021,15.6651
1352,egypt,usdegp,24/06/2021,15.6731
1353,egypt,usdegp,27/06/2021,15.6742
1354,egypt,usdegp,28/06/2021,15.6753
1355,egypt,usdegp,04/07/2021,15.682
1356,egypt,usdegp,05/07/2021,15.6833
1357,egypt,usdegp,06/07/2021,15.6943
1358,egypt,usdegp,07/07/2021,15.6945
1359,egypt,usdegp,08/07/2021,15.6929
1360,egypt,usdegp,11/07/2021,15.693
1361,egypt,usdegp,12/07/2021,15.6933
1362,egypt,usdegp,13/07/2021,15.6934
1363,egypt,usdegp,14/07/2021,15.6947
1364,egypt,usdegp,15/07/2021,15.694
1365,egypt,usdegp,18/07/2021,15.6909
1366,egypt,usdegp,25/07/2021,15.6921
1367,egypt,usdegp,26/07/2021,15.6927
1368,egypt,usdegp,27/07/2021,15.6934
1369,egypt,usdegp,28/07/2021,15.7046
1370,egypt,usdegp,29/07/2021,15.7042
1371,egypt,usdegp,29/07/2021,15.675
1372,egypt,usdegp,30/07/2021,15.6818
1373,egypt,usdegp,01/08/2021,15.7033
1374,egypt,usdegp,02/08/2021,15.7041
1375,egypt,usdegp,03/08/2021,15.703
1376,egypt,usdegp,04/08/2021,15.7062
1377,egypt,usdegp,05/08/2021,15.7027
1378,egypt,usdegp,08/08/2021,15.7034
1379,egypt,usdegp,09/08/2021,15.7008
1380,egypt,usdegp,10/08/2021,15.7029
1381,egypt,usdegp,11/08/2021,15.7016
1382,egypt,usdegp,15/08/2021,15.7013
1383,egypt,usdegp,16/08/2021,15.7039
1384,egypt,usdegp,17/08/2021,15.6993
1385,egypt,usdegp,18/08/2021,15.7007
1386,egypt,usdegp,19/08/2021,15.7011
1387,egypt,usdegp,22/08/2021,15.7017
1388,egypt,usdegp,23/08/2021,15.7021
1389,egypt,usdegp,24/08/2021,15.7026
1390,egypt,usdegp,25/08/2021,15.7018
1391,egypt,usdegp,26/08/2021,15.703
1392,egypt,usdegp,29/08/2021,15.7008
1393,egypt,usdegp,30/08/2021,15.7024
1394,egypt,usdegp,31/08/2021,15.7001
1395,egypt,usdegp,01/09/2021,15.7009
1396,egypt,usdegp,02/09/2021,15.7011
1397,egypt,usdegp,05/09/2021,15.7007
1398,egypt,usdegp,06/09/2021,15.7029
1399,egypt,usdegp,07/09/2021,15.7141
1400,egypt,usdegp,08/09/2021,15.7116
1401,egypt,usdegp,09/09/2021,15.7106
1402,egypt,usdegp,12/09/2021,15.7103
1403,egypt,usdegp,13/09/2021,15.711
1404,egypt,usdegp,14/09/2021,15.7105
1405,egypt,usdegp,15/09/2021,15.7127
1406,egypt,usdegp,16/09/2021,15.7116
1407,egypt,usdegp,19/09/2021,15.7115
1408,egypt,usdegp,20/09/2021,15.7112
1409,egypt,usdegp,21/09/2021,15.7135
1410,egypt,usdegp,22/09/2021,15.7134
1411,egypt,usdegp,23/09/2021,15.7119
1412,egypt,usdegp,26/09/2021,15.7113
1413,egypt,usdegp,27/09/2021,15.7125
1414,egypt,usdegp,28/09/2021,15.7114
1415,egypt,usdegp,29/09/2021,15.7141
1416,egypt,usdegp,30/09/2021,15.7122
1417,egypt,usdegp,03/10/2021,15.7121
1418,egypt,usdegp,04/10/2021,15.7099
1419,egypt,usdegp,05/10/2021,15.7115
1420,egypt,usdegp,06/10/2021,15.7116
1421,egypt,usdegp,10/10/2021,15.7098
1422,egypt,usdegp,11/10/2021,15.7125
1423,egypt,usdegp,12/10/2021,15.7137
1424,egypt,usdegp,13/10/2021,15.7118
1425,egypt,usdegp,14/10/2021,15.7118
1426,egypt,usdegp,17/10/2021,15.7115
1427,egypt,usdegp,18/10/2021,15.7124
1428,egypt,usdegp,19/10/2021,15.7115
1429,egypt,usdegp,20/10/2021,15.7136
1430,egypt,usdegp,24/10/2021,15.7115
1431,egypt,usdegp,25/10/2021,15.7125
1432,egypt,usdegp,26/10/2021,15.7154
1433,egypt,usdegp,27/10/2021,15.7146
1434,egypt,usdegp,28/10/2021,15.7156
1435,egypt,usdegp,31/10/2021,15.7112
1436,egypt,usdegp,01/11/2021,15.7113
1437,egypt,usdegp,02/11/2021,15.7108
1438,egypt,usdegp,03/11/2021,15.7114
1439,egypt,usdegp,04/11/2021,15.712
1440,egypt,usdegp,07/11/2021,15.7117
1441,egypt,usdegp,08/11/2021,15.7123
1442,egypt,usdegp,09/11/2021,15.7122
1443,egypt,usdegp,10/11/2021,15.7124
1444,egypt,usdegp,11/11/2021,15.715
1445,egypt,usdegp,14/11/2021,15.712
1446,egypt,usdegp,15/11/2021,15.714
1447,egypt,usdegp,16/11/2021,15.7134
1448,egypt,usdegp,17/11/2021,15.7157
1449,egypt,usdegp,18/11/2021,15.7148
1450,egypt,usdegp,21/11/2021,15.7146
1451,egypt,usdegp,22/11/2021,15.7164
1452,egypt,usdegp,23/11/2021,15.7186
1453,egypt,usdegp,24/11/2021,15.7215
1454,egypt,usdegp,25/11/2021,15.7148
1455,egypt,usdegp,28/11/2021,15.714
1456,egypt,usdegp,29/11/2021,15.7145
1457,egypt,usdegp,30/11/2021,15.7145
1458,egypt,usdegp,01/12/2021,15.7139
1459,egypt,usdegp,02/12/2021,15.7147
1460,egypt,usdegp,05/12/2021,15.7138
1461,egypt,usdegp,06/12/2021,15.7143
1462,egypt,usdegp,07/12/2021,15.7159
1463,egypt,usdegp,08/12/2021,15.7154
1464,egypt,usdegp,09/12/2021,15.7142
1465,egypt,usdegp,12/12/2021,15.7135
1466,egypt,usdegp,13/12/2021,15.7153
1467,egypt,usdegp,14/12/2021,15.7147
1468,egypt,usdegp,15/12/2021,15.7159
1469,egypt,usdegp,16/12/2021,15.7153
1470,egypt,usdegp,19/12/2021,15.7142
1471,egypt,usdegp,20/12/2021,15.7163
1472,egypt,usdegp,21/12/2021,15.7146
1473,egypt,usdegp,22/12/2021,15.7143
1474,egypt,usdegp,23/12/2021,15.7142
1475,egypt,usdegp,26/12/2021,15.7147
1476,egypt,usdegp,27/12/2021,15.7154
1477,egypt,usdegp,28/12/2021,15.715
1478,egypt,usdegp,29/12/2021,15.7168
1479,egypt,usdegp,30/12/2021,15.7167
1480,egypt,usdegp,02/01/2022,15.7152
1481,egypt,usdegp,03/01/2022,15.7139
1482,egypt,usdegp,04/01/2022,15.7151
1483,egypt,usdegp,05/01/2022,15.7139
1484,egypt,usdegp,09/01/2022,15.7133
1485,egypt,usdegp,10/01/2022,15.7148
1486,egypt,usdegp,11/01/2022,15.7151
1487,egypt,usdegp,12/01/2022,15.7137
1488,egypt,usdegp,13/01/2022,15.7115
1489,egypt,usdegp,16/01/2022,15.7122
1490,egypt,usdegp,17/01/2022,15.7168
1491,egypt,usdegp,18/01/2022,15.7156
1492,egypt,usdegp,19/01/2022,15.7155
1493,egypt,usdegp,20/01/2022,15.7142
1494,egypt,usdegp,23/01/2022,15.7125
1495,egypt,usdegp,24/01/2022,15.7144
1496,egypt,usdegp,25/01/2022,15.716
1497,egypt,usdegp,26/01/2022,15.7134
1498,egypt,usdegp,30/01/2022,15.7128
1499,egypt,usdegp,31/01/2022,15.7128
1500,egypt,usdegp,01/02/2022,15.7122
1501,egypt,usdegp,02/02/2022,15.7139
1502,egypt,usdegp,03/02/2022,15.7139
1503,egypt,usdegp,06/02/2022,15.7126
1504,egypt,usdegp,07/02/2022,15.7134
1505,egypt,usdegp,08/02/2022,15.7124
1506,egypt,usdegp,09/02/2022,15.7154
1507,egypt,usdegp,10/02/2022,15.7138
1508,egypt,usdegp,13/02/2022,15.713
1509,egypt,usdegp,14/02/2022,15.7134
1510,egypt,usdegp,15/02/2022,15.7135
1511,egypt,usdegp,16/02/2022,15.7135
1512,egypt,usdegp,17/02/2022,15.7172
1513,egypt,usdegp,20/02/2022,15.7135
1514,egypt,usdegp,21/02/2022,15.7159
1515,egypt,usdegp,22/02/2022,15.7144
1516,egypt,usdegp,23/02/2022,15.7144
1517,egypt,usdegp,24/02/2022,15.7139
1518,egypt,usdegp,27/02/2022,15.7127
1519,egypt,usdegp,28/02/2022,15.7145
1520,egypt,usdegp,01/03/2022,15.7138
1521,egypt,usdegp,02/03/2022,15.7147
1522,egypt,usdegp,03/03/2022,15.7164
1523,egypt,usdegp,06/03/2022,15.7159
1524,egypt,usdegp,07/03/2022,15.7156
1525,egypt,usdegp,08/03/2022,15.7166
1526,egypt,usdegp,09/03/2022,15.7153
1527,egypt,usdegp,10/03/2022,15.7161
1528,egypt,usdegp,13/03/2022,15.7155
1529,egypt,usdegp,14/03/2022,15.7179
1530,egypt,usdegp,15/03/2022,15.7162
1531,egypt,usdegp,16/03/2022,15.715
1532,egypt,usdegp,17/03/2022,15.7155
1533,egypt,usdegp,20/03/2022,15.7135
1534,egypt,usdegp,21/03/2022,18.2201
1535,egypt,usdegp,22/03/2022,18.2201
1536,egypt,usdegp,23/03/2022,18.3688
1537,egypt,usdegp,24/03/2022,18.3097
1538,egypt,usdegp,27/03/2022,18.3098
1539,egypt,usdegp,28/03/2022,18.325
1540,egypt,usdegp,29/03/2022,18.3213
1541,egypt,usdegp,30/03/2022,18.2765
1542,egypt,usdegp,31/03/2022,18.2643
1543,egypt,usdegp,03/04/2022,18.2544
1544,egypt,usdegp,04/04/2022,18.2586
1545,egypt,usdegp,05/04/2022,18.2671
1546,egypt,usdegp,06/04/2022,18.305
1547,egypt,usdegp,07/04/2022,18.3423
1548,egypt,usdegp,10/04/2022,18.352
1549,egypt,usdegp,11/04/2022,18.413
1550,egypt,usdegp,12/04/2022,18.5133
1551,egypt,usdegp,13/04/2022,18.423
1552,egypt,usdegp,14/04/2022,18.3853
1553,egypt,usdegp,17/04/2022,18.4048
1554,egypt,usdegp,18/04/2022,18.4184
1555,egypt,usdegp,19/04/2022,18.4618
1556,egypt,usdegp,20/04/2022,18.4828
1557,egypt,usdegp,21/04/2022,18.5651
1558,egypt,usdegp,26/04/2022,18.526
1559,egypt,usdegp,27/04/2022,18.5093
1560,egypt,usdegp,28/04/2022,18.4922
1561,egypt,usdegp,08/05/2022,18.4898
1562,egypt,usdegp,09/05/2022,18.4909
1563,egypt,usdegp,10/05/2022,18.4942
1564,egypt,usdegp,11/05/2022,18.3765
1565,egypt,usdegp,12/05/2022,18.3208
1566,egypt,usdegp,15/05/2022,18.2976
1567,egypt,usdegp,16/05/2022,18.2789
1568,egypt,usdegp,17/05/2022,18.2688
1569,egypt,usdegp,18/05/2022,18.272
1570,egypt,usdegp,19/05/2022,18.2711
1571,egypt,usdegp,22/05/2022,18.2722
1572,egypt,usdegp,23/05/2022,18.4012
1573,egypt,usdegp,24/05/2022,18.5109
1574,egypt,usdegp,25/05/2022,18.5901
1575,egypt,usdegp,26/05/2022,18.6484
1576,egypt,usdegp,29/05/2022,18.5918
1577,egypt,usdegp,30/05/2022,18.5925
1578,egypt,usdegp,31/05/2022,18.5924
1579,egypt,usdegp,01/06/2022,18.6222
1580,egypt,usdegp,02/06/2022,18.6435
1581,egypt,usdegp,05/06/2022,18.6418
1582,egypt,usdegp,06/06/2022,18.6459
1583,egypt,usdegp,07/06/2022,18.673
1584,egypt,usdegp,08/06/2022,18.673
1585,egypt,usdegp,09/06/2022,18.673
1586,egypt,usdegp,12/06/2022,18.6933
1587,egypt,usdegp,13/06/2022,18.7161
1588,egypt,usdegp,14/06/2022,18.7454
1589,egypt,usdegp,15/06/2022,18.7557
1590,egypt,usdegp,16/06/2022,18.7548
1591,egypt,usdegp,19/06/2022,18.7544
1592,egypt,usdegp,20/06/2022,18.7489
1593,egypt,usdegp,21/06/2022,18.7531
1594,egypt,usdegp,22/06/2022,18.7531
1595,egypt,usdegp,23/06/2022,18.7489
1596,egypt,usdegp,26/06/2022,18.7524
1597,egypt,usdegp,27/06/2022,18.7489
1598,egypt,usdegp,28/06/2022,18.7727
1599,egypt,usdegp,29/06/2022,18.7985
1600,egypt,usdegp,03/07/2022,18.8242
1601,egypt,usdegp,04/07/2022,18.8535
1602,egypt,usdegp,05/07/2022,18.8745
1603,egypt,usdegp,06/07/2022,18.8686
1604,egypt,usdegp,07/07/2022,18.8681
1605,egypt,usdegp,17/07/2022,18.8683
1606,egypt,usdegp,18/07/2022,18.8885
1607,egypt,usdegp,19/07/2022,18.9176
1608,egypt,usdegp,20/07/2022,18.9185
1609,egypt,usdegp,21/07/2022,18.933
1610,egypt,usdegp,24/07/2022,18.9318
1611,egypt,usdegp,25/07/2022,18.9343
1612,egypt,usdegp,26/07/2022,18.9355
1613,egypt,usdegp,27/07/2022,18.9349
1614,egypt,usdegp,28/07/2022,18.9329
1615,egypt,usdegp,31/07/2022,18.9489
1616,egypt,usdegp,01/08/2022,18.9521
1617,egypt,usdegp,02/08/2022,19.0342
1618,egypt,usdegp,03/08/2022,19.0935
1619,egypt,usdegp,04/08/2022,19.1238
1620,egypt,usdegp,07/08/2022,19.1238
1621,egypt,usdegp,08/08/2022,19.1435
1622,egypt,usdegp,09/08/2022,19.1441
1623,egypt,usdegp,10/08/2022,19.1454
1624,egypt,usdegp,11/08/2022,19.1446
1625,egypt,usdegp,14/08/2022,19.1385
1626,egypt,usdegp,15/08/2022,19.1445
1627,egypt,usdegp,16/08/2022,19.1451
1628,egypt,usdegp,17/08/2022,19.1455
1629,egypt,usdegp,18/08/2022,19.1465
1630,egypt,usdegp,21/08/2022,19.1462
1631,egypt,usdegp,22/08/2022,19.1463
1632,egypt,usdegp,23/08/2022,19.1664
1633,egypt,usdegp,24/08/2022,19.1757
1634,egypt,usdegp,25/08/2022,19.1847
1635,egypt,usdegp,28/08/2022,19.1842
1636,egypt,usdegp,29/08/2022,19.2021
1637,egypt,usdegp,30/08/2022,19.2223
1638,egypt,usdegp,31/08/2022,19.2231
1639,egypt,usdegp,01/09/2022,19.2231
1640,egypt,usdegp,04/09/2022,19.2224
1641,egypt,usdegp,05/09/2022,19.2233
1642,egypt,usdegp,06/09/2022,19.235
1643,egypt,usdegp,07/09/2022,19.2644
1644,egypt,usdegp,08/09/2022,19.3046
1645,egypt,usdegp,11/09/2022,19.3343
1646,egypt,usdegp,12/09/2022,19.3551
1647,egypt,usdegp,13/09/2022,19.3546
1648,egypt,usdegp,14/09/2022,19.3828
1649,egypt,usdegp,15/09/2022,19.4136
1650,egypt,usdegp,18/09/2022,19.4151
1651,egypt,usdegp,19/09/2022,19.4141
1652,egypt,usdegp,20/09/2022,19.4345
1653,egypt,usdegp,21/09/2022,19.4842
1654,egypt,usdegp,22/09/2022,19.483
1655,egypt,usdegp,25/09/2022,19.4828
1656,egypt,usdegp,26/09/2022,19.5026
1657,egypt,usdegp,27/09/2022,19.5031
1658,egypt,usdegp,28/09/2022,19.5226
1659,egypt,usdegp,29/09/2022,19.5523
1660,egypt,usdegp,02/10/2022,19.5528
1661,egypt,usdegp,03/10/2022,19.6304
1662,egypt,usdegp,04/10/2022,19.6542
1663,egypt,usdegp,05/10/2022,19.6542
1664,egypt,usdegp,09/10/2022,19.6542
1665,egypt,usdegp,10/10/2022,19.6542
1666,egypt,usdegp,11/10/2022,19.6727
1667,egypt,usdegp,12/10/2022,19.6743
1668,egypt,usdegp,13/10/2022,19.6744
1669,egypt,usdegp,16/10/2022,19.6738
1670,egypt,usdegp,17/10/2022,19.6751
1671,egypt,usdegp,18/10/2022,19.675
1672,egypt,usdegp,19/10/2022,19.6752
1673,egypt,usdegp,20/10/2022,19.675
1674,egypt,usdegp,23/10/2022,19.6758
1675,egypt,usdegp,24/10/2022,19.6752
1676,egypt,usdegp,25/10/2022,19.6944
1677,egypt,usdegp,26/10/2022,19.7134
1678,egypt,usdegp,27/10/2022,22.928
1679,egypt,usdegp,30/10/2022,24.0663
1680,egypt,usdegp,31/10/2022,24.1226
1681,egypt,usdegp,01/11/2022,24.1779
1682,egypt,usdegp,02/11/2022,24.1912
1683,egypt,usdegp,03/11/2022,24.2628
1684,egypt,usdegp,06/11/2022,24.271
1685,egypt,usdegp,07/11/2022,24.3204
1686,egypt,usdegp,08/11/2022,24.3781
1687,egypt,usdegp,09/11/2022,24.3952
1688,egypt,usdegp,10/11/2022,24.417
1689,egypt,usdegp,13/11/2022,24.4223
1690,egypt,usdegp,14/11/2022,24.4336
1691,egypt,usdegp,15/11/2022,24.4541
1692,egypt,usdegp,16/11/2022,24.4808
1693,egypt,usdegp,17/11/2022,24.4947
1694,egypt,usdegp,20/11/2022,24.4991
1695,egypt,usdegp,21/11/2022,24.5233
1696,egypt,usdegp,22/11/2022,24.5357
1697,egypt,usdegp,23/11/2022,24.5534
1698,egypt,usdegp,24/11/2022,24.5588
1699,egypt,usdegp,27/11/2022,24.5541
1700,egypt,usdegp,28/11/2022,24.5767
1701,egypt,usdegp,29/11/2022,24.5774
1702,egypt,usdegp,30/11/2022,24.5762
1703,egypt,usdegp,01/12/2022,24.5863
1704,egypt,usdegp,04/12/2022,24.5891
1705,egypt,usdegp,05/12/2022,24.5895
1706,egypt,usdegp,06/12/2022,24.6205
1707,egypt,usdegp,07/12/2022,24.6192
1708,egypt,usdegp,08/12/2022,24.6249
1709,egypt,usdegp,11/12/2022,24.6256
1710,egypt,usdegp,12/12/2022,24.6564
1711,egypt,usdegp,13/12/2022,24.6564
1712,egypt,usdegp,14/12/2022,24.6933
1713,egypt,usdegp,15/12/2022,24.6962
1714,egypt,usdegp,18/12/2022,24.6966
1715,egypt,usdegp,19/12/2022,24.7259
1716,egypt,usdegp,20/12/2022,24.7249
1717,egypt,usdegp,21/12/2022,24.7231
1718,egypt,usdegp,22/12/2022,24.726
1719,egypt,usdegp,25/12/2022,24.7241
1720,egypt,usdegp,26/12/2022,24.7245
1721,egypt,usdegp,27/12/2022,24.7267
1722,egypt,usdegp,28/12/2022,24.7463
1723,egypt,usdegp,29/12/2022,24.7434
1724,egypt,usdegp,02/01/2023,24.7442
1725,egypt,usdegp,03/01/2023,24.7667
1726,egypt,usdegp,04/01/2023,26.4243
1727,egypt,usdegp,05/01/2023,27.0621
1728,egypt,usdegp,09/01/2023,27.5897
1729,egypt,usdegp,10/01/2023,27.663
1730,egypt,usdegp,11/01/2023,29.6982
1731,egypt,usdegp,12/01/2023,29.571
1732,egypt,usdegp,15/01/2023,29.6061
1733,egypt,usdegp,16/01/2023,29.6164
1734,egypt,usdegp,17/01/2023,29.5471
1735,egypt,usdegp,18/01/2023,29.6378
1736,egypt,usdegp,19/01/2023,29.8348
1737,egypt,usdegp,22/01/2023,29.8479
1738,egypt,usdegp,23/01/2023,29.8769
1739,egypt,usdegp,24/01/2023,29.8982
1740,egypt,usdegp,25/01/2023,29.9009
1741,egypt,usdegp,29/01/2023,29.8969
1742,egypt,usdegp,30/01/2023,29.9807
1743,egypt,usdegp,31/01/2023,30.1885
1744,egypt,usdegp,01/02/2023,30.207
1745,egypt,usdegp,02/02/2023,30.2872
1746,egypt,usdegp,05/02/2023,30.2842
1747,egypt,usdegp,06/02/2023,30.3041
1748,egypt,usdegp,07/02/2023,30.3058
1749,egypt,usdegp,08/02/2023,30.3753
1750,egypt,usdegp,09/02/2023,30.5047
1751,egypt,usdegp,12/02/2023,30.5327
1752,egypt,usdegp,13/02/2023,30.5343
1753,egypt,usdegp,14/02/2023,30.5728
1754,egypt,usdegp,15/02/2023,30.5735
1755,egypt,usdegp,16/02/2023,30.5752
1756,egypt,usdegp,19/02/2023,30.575
1757,egypt,usdegp,20/02/2023,30.5844
1758,egypt,usdegp,21/02/2023,30.6008
1759,egypt,usdegp,21/02/2023,30.6008
1760,egypt,usdegp,22/02/2023,30.6314
1761,egypt,usdegp,23/02/2023,30.6318
1762,egypt,usdegp,26/02/2023,30.6318
1763,egypt,usdegp,27/02/2023,30.6318
1764,egypt,usdegp,28/02/2023,30.6307
1765,egypt,usdegp,01/03/2023,30.6326
1766,egypt,usdegp,02/03/2023,30.7228
1767,egypt,usdegp,05/03/2023,30.7221
1768,egypt,usdegp,06/03/2023,30.7821
1769,egypt,usdegp,07/03/2023,30.8311
1770,egypt,usdegp,08/03/2023,30.8813
1771,egypt,usdegp,09/03/2023,30.8986
1772,egypt,usdegp,12/03/2023,30.8996
1773,egypt,usdegp,13/03/2023,30.899
1774,egypt,usdegp,14/03/2023,30.8993
1775,egypt,usdegp,15/03/2023,30.9001
1776,egypt,usdegp,16/03/2023,30.9007
1777,egypt,usdegp,19/03/2023,30.8981
1778,egypt,usdegp,20/03/2023,30.8996
1779,egypt,usdegp,21/03/2023,30.8996
1780,egypt,usdegp,22/03/2023,30.9007
1781,egypt,usdegp,23/03/2023,30.8968
1782,egypt,usdegp,26/03/2023,30.8968
1783,egypt,usdegp,27/03/2023,30.8983
1784,egypt,usdegp,28/03/2023,30.8969
1785,egypt,usdegp,29/03/2023,30.8968
1786,egypt,usdegp,30/03/2023,30.8983
1787,egypt,usdegp,02/04/2023,30.8968
1788,egypt,usdegp,03/04/2023,30.8969
1789,egypt,usdegp,04/04/2023,30.8955
1790,egypt,usdegp,05/04/2023,30.894
1791,egypt,usdegp,06/04/2023,30.8952
1792,egypt,usdegp,09/04/2023,30.8951
1793,egypt,usdegp,10/04/2023,30.8952
1794,egypt,usdegp,11/04/2023,30.8952
1795,egypt,usdegp,12/04/2023,30.895
1796,egypt,usdegp,13/04/2023,30.895
1797,egypt,usdegp,18/04/2023,30.8966
1798,egypt,usdegp,19/04/2023,30.8935
1799,egypt,usdegp,26/04/2023,30.8937
1800,egypt,usdegp,27/04/2023,30.8951
1801,egypt,usdegp,30/04/2023,30.8966
1802,egypt,usdegp,01/05/2023,30.8973
1803,egypt,usdegp,02/05/2023,30.8959
1804,egypt,usdegp,03/05/2023,30.8952
1805,egypt,usdegp,07/05/2023,30.8966
1806,egypt,usdegp,08/05/2023,30.8951
1807,egypt,usdegp,09/05/2023,30.898
1808,egypt,usdegp,10/05/2023,30.8966
1809,egypt,usdegp,11/05/2023,30.8995
1810,egypt,usdegp,14/05/2023,30.8966
1811,egypt,usdegp,15/05/2023,30.8966
1812,egypt,usdegp,16/05/2023,30.8966
1813,egypt,usdegp,17/05/2023,30.8966
1814,egypt,usdegp,18/05/2023,30.8937
1815,egypt,usdegp,21/05/2023,30.8966
1816,egypt,usdegp,22/05/2023,30.8937
1817,egypt,usdegp,23/05/2023,30.8923
1818,egypt,usdegp,24/05/2023,30.8923
1819,egypt,usdegp,25/05/2023,30.8936
1820,egypt,usdegp,28/05/2023,30.897
1821,egypt,usdegp,29/05/2023,30.895
1822,egypt,usdegp,30/05/2023,30.8983
1823,egypt,usdegp,31/05/2023,30.8983
1824,egypt,usdegp,01/06/2023,30.8997
1825,egypt,usdegp,04/06/2023,30.8973
1826,egypt,usdegp,05/06/2023,30.8987
1827,egypt,usdegp,06/06/2023,30.8982
1828,egypt,usdegp,07/06/2023,30.8986
1829,egypt,usdegp,08/06/2023,30.8986
1830,egypt,usdegp,11/06/2023,30.8972
1831,egypt,usdegp,12/06/2023,30.8972
1832,egypt,usdegp,13/06/2023,30.8972
1833,egypt,usdegp,14/06/2023,30.8967
1834,egypt,usdegp,15/06/2023,30.8967
1835,egypt,usdegp,18/06/2023,30.8972
1836,egypt,usdegp,19/06/2023,30.8972
1837,egypt,usdegp,20/06/2023,30.8986
1838,egypt,usdegp,21/06/2023,30.8986
1839,egypt,usdegp,22/06/2023,30.8986
1840,egypt,usdegp,25/06/2023,30.8955
1841,egypt,usdegp,26/06/2023,30.8969
1842,egypt,usdegp,04/07/2023,30.9
1843,egypt,usdegp,05/07/2023,30.8986
1844,egypt,usdegp,06/07/2023,30.8972
1845,egypt,usdegp,09/07/2023,30.8987
1846,egypt,usdegp,10/07/2023,30.8986
1847,egypt,usdegp,11/07/2023,30.8971
1848,egypt,usdegp,12/07/2023,30.8971
1849,egypt,usdegp,13/07/2023,30.8967
1850,egypt,usdegp,16/07/2023,30.8957
1851,egypt,usdegp,17/07/2023,30.8971
1852,egypt,usdegp,18/07/2023,30.8985
1853,egypt,usdegp,19/07/2023,30.8971
1854,egypt,usdegp,24/07/2023,30.8971
1855,egypt,usdegp,25/07/2023,30.8971
1856,egypt,usdegp,26/07/2023,30.9
1857,egypt,usdegp,27/07/2023,30.8971
1858,egypt,usdegp,30/07/2023,30.8957
1859,egypt,usdegp,31/07/2023,30.8957
1860,egypt,usdegp,01/08/2023,30.8957
1861,egypt,usdegp,02/08/2023,30.8957
1862,egypt,usdegp,03/08/2023,30.897
1863,egypt,usdegp,06/08/2023,30.8956
1864,egypt,usdegp,07/08/2023,30.8956
1865,egypt,usdegp,08/08/2023,30.8952
1866,egypt,usdegp,09/08/2023,30.8952
1867,egypt,usdegp,10/08/2023,30.8937
1868,egypt,usdegp,13/08/2023,30.8942
1869,egypt,usdegp,14/08/2023,30.8942
1870,egypt,usdegp,15/08/2023,30.8942
1871,egypt,usdegp,16/08/2023,30.8942
1872,egypt,usdegp,17/08/2023,30.8942
1873,egypt,usdegp,20/08/2023,30.8942
1874,egypt,usdegp,21/08/2023,30.8942
1875,egypt,usdegp,22/08/2023,30.8942
1876,egypt,usdegp,23/08/2023,30.8956
1877,egypt,usdegp,24/08/2023,30.8955
1878,egypt,usdegp,27/08/2023,30.8956
1879,egypt,usdegp,28/08/2023,30.8955
1880,egypt,usdegp,29/08/2023,30.8941
1881,egypt,usdegp,30/08/2023,30.8941
1882,egypt,usdegp,31/08/2023,30.8941
1883,egypt,usdegp,03/09/2023,30.8941
1884,egypt,usdegp,04/09/2023,30.8941
1885,egypt,usdegp,05/09/2023,30.8941
1886,egypt,usdegp,06/09/2023,30.8937
1887,egypt,usdegp,07/09/2023,30.8937
1888,egypt,usdegp,10/09/2023,30.8935
1889,egypt,usdegp,11/09/2023,30.8935
1890,egypt,usdegp,12/09/2023,30.895
1891,egypt,usdegp,13/09/2023,30.895
1892,egypt,usdegp,14/09/2023,30.8935
1893,egypt,usdegp,17/09/2023,30.8935
1894,egypt,usdegp,18/09/2023,30.8935
1895,egypt,usdegp,19/09/2023,30.8935
1896,egypt,usdegp,20/09/2023,30.8935
1897,egypt,usdegp,21/09/2023,30.8935
1898,egypt,usdegp,24/09/2023,30.8935
1899,egypt,usdegp,25/09/2023,30.8949
1900,egypt,usdegp,26/09/2023,30.8934
1901,egypt,usdegp,27/09/2023,30.8934
1902,egypt,usdegp,01/10/2023,30.8934
1903,egypt,usdegp,02/10/2023,30.8934
1904,egypt,usdegp,03/10/2023,30.8934
1905,egypt,usdegp,04/10/2023,30.8949
1906,egypt,usdegp,08/10/2023,30.8934
1907,egypt,usdegp,09/10/2023,30.893
1908,egypt,usdegp,10/10/2023,30.893
1909,egypt,usdegp,11/10/2023,30.893
1910,egypt,usdegp,12/10/2023,30.8944
1911,egypt,usdegp,15/10/2023,30.8946
1912,egypt,usdegp,16/10/2023,30.8931
1913,egypt,usdegp,17/10/2023,30.8931
1914,egypt,usdegp,18/10/2023,30.8931
1915,egypt,usdegp,19/10/2023,30.8931
1916,egypt,usdegp,22/10/2023,30.8931
1917,egypt,usdegp,23/10/2023,30.8931
1918,egypt,usdegp,24/10/2023,30.8931
1919,egypt,usdegp,25/10/2023,30.8931
1920,egypt,usdegp,26/10/2023,30.8931
1921,egypt,usdegp,29/10/2023,30.8931
1922,egypt,usdegp,30/10/2023,30.8931
1923,egypt,usdegp,31/10/2023,30.8931
1924,egypt,usdegp,01/11/2023,30.8946
1925,egypt,usdegp,02/11/2023,30.8931
1926,egypt,usdegp,05/11/2023,30.8931
1927,egypt,usdegp,06/11/2023,30.8946
1928,egypt,usdegp,07/11/2023,30.8946
1929,egypt,usdegp,08/11/2023,30.8931
1930,egypt,usdegp,09/11/2023,30.8946
1931,egypt,usdegp,12/11/2023,30.8946
1932,egypt,usdegp,13/11/2023,30.8946
1933,egypt,usdegp,14/11/2023,30.8946
1934,egypt,usdegp,15/11/2023,30.8946
1935,egypt,usdegp,16/11/2023,30.8946
1936,egypt,usdegp,19/11/2023,30.8946
1937,egypt,usdegp,20/11/2023,30.8946
1938,egypt,usdegp,21/11/2023,30.8946
1939,egypt,usdegp,22/11/2023,30.8946
1940,egypt,usdegp,23/11/2023,30.8946
1941,egypt,usdegp,26/11/2023,30.8946
1942,egypt,usdegp,27/11/2023,30.8946
1943,egypt,usdegp,28/11/2023,30.8946
1944,egypt,usdegp,29/11/2023,30.8946
1945,egypt,usdegp,30/11/2023,30.8946
1946,egypt,usdegp,03/12/2023,30.8931
1947,egypt,usdegp,04/12/2023,30.8903
1948,egypt,usdegp,05/12/2023,30.8903
1949,egypt,usdegp,06/12/2023,30.8931
1950,egypt,usdegp,07/12/2023,30.8931
1951,egypt,usdegp,10/12/2023,30.8931
1952,egypt,usdegp,11/12/2023,30.8931
1953,egypt,usdegp,12/12/2023,30.8931
1954,egypt,usdegp,13/12/2023,30.8931
1955,egypt,usdegp,14/12/2023,30.8946
1956,egypt,usdegp,17/12/2023,30.8931
1957,egypt,usdegp,18/12/2023,30.8931
1958,egypt,usdegp,19/12/2023,30.8903
1959,egypt,usdegp,20/12/2023,30.8931
1960,egypt,usdegp,21/12/2023,30.8931
1961,egypt,usdegp,24/12/2023,30.8903
1962,egypt,usdegp,25/12/2023,30.8931
1963,egypt,usdegp,26/12/2023,30.8931
1964,egypt,usdegp,27/12/2023,30.8931
1965,egypt,usdegp,28/12/2023,30.8931
1966,egypt,usdegp,31/12/2023,30.8931
1967,egypt,usdegp,02/01/2024,30.8903
1968,egypt,usdegp,03/01/2024,30.8903
1969,egypt,usdegp,04/01/2024,30.8929
1970,egypt,usdegp,08/01/2024,30.8929
1971,egypt,usdegp,09/01/2024,30.8929
1972,egypt,usdegp,10/01/2024,30.8929
1973,egypt,usdegp,11/01/2024,30.8929
1974,egypt,usdegp,14/01/2024,30.8929
1975,egypt,usdegp,15/01/2024,30.8929
1976,egypt,usdegp,16/01/2024,30.8929
1977,egypt,usdegp,17/01/2024,30.8929
1978,egypt,usdegp,18/01/2024,30.8929
1979,egypt,usdegp,21/01/2024,30.8929
1980,egypt,usdegp,22/01/2024,30.8943
1981,egypt,usdegp,23/01/2024,30.8929
1982,egypt,usdegp,24/01/2024,30.8929
1983,egypt,usdegp,28/01/2024,30.8929
1984,egypt,usdegp,29/01/2024,30.8929
1985,egypt,usdegp,30/01/2024,30.8929
1986,egypt,usdegp,31/01/2024,30.8929
1987,egypt,usdegp,01/02/2024,30.8929
1988,egypt,usdegp,04/02/2024,30.8929
1989,egypt,usdegp,05/02/2024,30.8929
1990,egypt,usdegp,06/02/2024,30.8929
1991,egypt,usdegp,07/02/2024,30.8929
1992,egypt,usdegp,08/02/2024,30.8929
1993,egypt,usdegp,11/02/2024,30.8929
1994,egypt,usdegp,12/02/2024,30.8929
1995,egypt,usdegp,13/02/2024,30.8929
1996,egypt,usdegp,14/02/2024,30.8929
1997,egypt,usdegp,15/02/2024,30.8929
1998,egypt,usdegp,18/02/2024,30.8929
1999,egypt,usdegp,19/02/2024,30.8929
2000,egypt,usdegp,20/02/2024,30.8929
2001,egypt,usdegp,21/02/2024,30.8929
2002,egypt,usdegp,22/02/2024,30.8929
2003,egypt,usdegp,25/02/2024,30.8936
2004,egypt,usdegp,26/02/2024,30.8936
2005,egypt,usdegp,27/02/2024,30.8943
2006,egypt,usdegp,28/02/2024,30.8943
2007,egypt,usdegp,29/02/2024,30.8943
2008,egypt,usdegp,03/03/2024,30.8943
2009,egypt,usdegp,04/03/2024,30.8997
2010,egypt,usdegp,05/03/2024,30.8954
2011,egypt,usdegp,06/03/2024,49.5003
2012,egypt,usdegp,07/03/2024,49.4009
2013,egypt,usdegp,10/03/2024,49.156
2014,egypt,usdegp,11/03/2024,49.042
2015,egypt,usdegp,12/03/2024,48.7868
2016,egypt,usdegp,13/03/2024,48.4219
2017,egypt,usdegp,14/03/2024,47.8347
2018,egypt,usdegp,17/03/2024,47.2565
2019,egypt,usdegp,18/03/2024,47.162
2020,egypt,usdegp,19/03/2024,47.0797
2021,egypt,usdegp,20/03/2024,46.953
2022,egypt,usdegp,21/03/2024,46.6772
2023,egypt,usdegp,24/03/2024,46.5602
2024,egypt,usdegp,25/03/2024,47.418
2025,egypt,usdegp,26/03/2024,47.787
2026,egypt,usdegp,27/03/2024,47.2787
2027,egypt,usdegp,28/03/2024,47.397
2028,egypt,usdegp,31/03/2024,47.2155
2029,egypt,usdegp,01/04/2024,47.192
2030,egypt,usdegp,02/04/2024,47.1626
2031,egypt,usdegp,03/04/2024,47.3978
2032,egypt,usdegp,04/04/2024,47.3787
2033,egypt,usdegp,07/04/2024,47.5546
2034,egypt,usdegp,08/04/2024,47.5911
2035,egypt,usdegp,15/04/2024,48.3596
2036,egypt,usdegp,16/04/2024,48.5518
2037,egypt,usdegp,17/04/2024,48.512
2038,egypt,usdegp,18/04/2024,48.3374
2039,egypt,usdegp,21/04/2024,48.3847
2040,egypt,usdegp,22/04/2024,48.157
2041,egypt,usdegp,23/04/2024,48.0615
2042,egypt,usdegp,24/04/2024,47.9001
2043,egypt,usdegp,28/04/2024,47.7377
2044,egypt,usdegp,29/04/2024,47.9224
2045,egypt,usdegp,30/04/2024,47.8557
2046,egypt,usdegp,01/05/2024,47.8728
2047,egypt,usdegp,02/05/2024,47.956
2048,egypt,usdegp,07/05/2024,47.7185
2049,egypt,usdegp,08/05/2024,47.552
2050,egypt,usdegp,09/05/2024,47.3388
2051,egypt,usdegp,12/05/2024,47.2808
2052,egypt,usdegp,13/05/2024,47.0556
2053,egypt,usdegp,14/05/2024,46.8634
2054,egypt,usdegp,15/05/2024,46.8504
2055,egypt,usdegp,16/05/2024,46.9037
2056,egypt,usdegp,19/05/2024,46.8557
2057,egypt,usdegp,20/05/2024,46.6253
2058,egypt,usdegp,21/05/2024,46.6464
2059,egypt,usdegp,22/05/2024,46.8104
2060,egypt,usdegp,23/05/2024,47.1213
2061,egypt,usdegp,26/05/2024,46.9497
2062,egypt,usdegp,27/05/2024,47.1781
2063,egypt,usdegp,28/05/2024,47.519
2064,egypt,usdegp,29/05/2024,47.3192
2065,egypt,usdegp,30/05/2024,47.2815
2066,egypt,usdegp,02/06/2024,47.3326
2067,egypt,usdegp,03/06/2024,47.1411
2068,egypt,usdegp,04/06/2024,47.4403
2069,egypt,usdegp,05/06/2024,47.6274
2070,egypt,usdegp,06/06/2024,47.5192
2071,egypt,usdegp,09/06/2024,47.5919
2072,egypt,usdegp,10/06/2024,47.7157
2073,egypt,usdegp,11/06/2024,47.5553
2074,egypt,usdegp,12/06/2024,47.7109
2075,egypt,usdegp,13/06/2024,47.7091
2076,egypt,usdegp,23/06/2024,48.1469
2077,egypt,usdegp,24/06/2024,48.3191
2078,egypt,usdegp,25/06/2024,48.3806
2079,egypt,usdegp,26/06/2024,48.0669
2080,egypt,usdegp,27/06/2024,48.0303
2081,egypt,usdegp,01/07/2024,48.2757
2082,egypt,usdegp,02/07/2024,48.1751
2083,egypt,usdegp,03/07/2024,48.1571
2084,egypt,usdegp,04/07/2024,48.017
2085,egypt,usdegp,07/07/2024,47.9571
2086,egypt,usdegp,08/07/2024,47.9346
2087,egypt,usdegp,09/07/2024,48.0901
2088,egypt,usdegp,10/07/2024,48.0131
2089,egypt,usdegp,14/07/2024,47.948
2090,egypt,usdegp,15/07/2024,47.9697
2091,egypt,usdegp,16/07/2024,48.0354
2092,egypt,usdegp,17/07/2024,48.2259
2093,egypt,usdegp,18/07/2024,48.2517
2094,egypt,usdegp,21/07/2024,48.3858
2095,egypt,usdegp,22/07/2024,48.4406
2096,egypt,usdegp,23/07/2024,48.3669
2097,egypt,usdegp,24/07/2024,48.3561
2098,egypt,usdegp,28/07/2024,48.3408
2099,egypt,usdegp,29/07/2024,48.331
2100,egypt,usdegp,30/07/2024,48.4029
2101,egypt,usdegp,31/07/2024,48.5774
2102,egypt,usdegp,01/08/2024,48.6907
2103,egypt,usdegp,04/08/2024,48.7894
2104,egypt,usdegp,05/08/2024,49.2565
2105,egypt,usdegp,06/08/2024,49.2166
2106,egypt,usdegp,07/08/2024,49.2291
2107,egypt,usdegp,08/08/2024,49.2792
2108,egypt,usdegp,11/08/2024,49.2345
2109,egypt,usdegp,12/08/2024,49.3078
2110,egypt,usdegp,13/08/2024,49.3722
2111,egypt,usdegp,14/08/2024,49.1042
2112,egypt,usdegp,15/08/2024,48.9046
2113,egypt,usdegp,18/08/2024,48.812
2114,egypt,usdegp,19/08/2024,48.7845
2115,egypt,usdegp,20/08/2024,48.8753
2116,egypt,usdegp,21/08/2024,48.799
2117,egypt,usdegp,22/08/2024,48.7948
2118,egypt,usdegp,25/08/2024,48.7907
2119,egypt,usdegp,26/08/2024,48.7438
2120,egypt,usdegp,27/08/2024,48.7038
2121,egypt,usdegp,28/08/2024,48.6547
2122,egypt,usdegp,29/08/2024,48.621
2123,egypt,usdegp,01/09/2024,48.5669
2124,egypt,usdegp,02/09/2024,48.5315
2125,egypt,usdegp,03/09/2024,48.4985
2126,egypt,usdegp,04/09/2024,48.4944
2127,egypt,usdegp,05/09/2024,48.441
2128,egypt,usdegp,08/09/2024,48.3986
2129,egypt,usdegp,09/09/2024,48.3581
2130,egypt,usdegp,10/09/2024,48.3528
2131,egypt,usdegp,11/09/2024,48.3797
2132,egypt,usdegp,12/09/2024,48.436
2133,egypt,usdegp,16/09/2024,48.4287
2134,egypt,usdegp,17/09/2024,48.4204
2135,egypt,usdegp,18/09/2024,48.5579
2136,egypt,usdegp,19/09/2024,48.5188
2137,egypt,usdegp,22/09/2024,48.5789
2138,egypt,usdegp,23/09/2024,48.6709
2139,egypt,usdegp,24/09/2024,48.6916
2140,egypt,usdegp,25/09/2024,48.5554
2141,egypt,usdegp,26/09/2024,48.3557
2142,egypt,usdegp,29/09/2024,48.4106
2143,egypt,usdegp,30/09/2024,48.2945
2144,egypt,usdegp,01/10/2024,48.2413
2145,egypt,usdegp,02/10/2024,48.3705
2146,egypt,usdegp,03/10/2024,48.3416
2147,egypt,usdegp,07/10/2024,48.4269
2148,egypt,usdegp,08/10/2024,48.5778
2149,egypt,usdegp,09/10/2024,48.5101
2150,egypt,usdegp,10/10/2024,48.5738
2151,egypt,usdegp,13/10/2024,48.5688
2152,egypt,usdegp,14/10/2024,48.6137
2153,egypt,usdegp,15/10/2024,48.5466
2154,egypt,usdegp,16/10/2024,48.6139
2155,egypt,usdegp,17/10/2024,48.6384
2156,egypt,usdegp,20/10/2024,48.6087
2157,egypt,usdegp,21/10/2024,48.661
2158,egypt,usdegp,22/10/2024,48.695
2159,egypt,usdegp,23/10/2024,48.7383
2160,egypt,usdegp,24/10/2024,48.7944
2161,egypt,usdegp,27/10/2024,48.7397
2162,egypt,usdegp,28/10/2024,48.6942
2163,egypt,usdegp,29/10/2024,48.71
2164,egypt,usdegp,30/10/2024,48.7728
2165,egypt,usdegp,31/10/2024,48.9604
2166,egypt,usdegp,03/11/2024,49.005
2167,egypt,usdegp,04/11/2024,49.0899
2168,egypt,usdegp,05/11/2024,49.1444
2169,egypt,usdegp,06/11/2024,49.2353
2170,egypt,usdegp,07/11/2024,49.3039
2171,egypt,usdegp,10/11/2024,49.2464
2172,egypt,usdegp,11/11/2024,49.2137
2173,egypt,usdegp,12/11/2024,49.2189
2174,egypt,usdegp,13/11/2024,49.3182
2175,egypt,usdegp,14/11/2024,49.3796
2176,egypt,usdegp,17/11/2024,49.3772
2177,egypt,usdegp,18/11/2024,49.4343
2178,egypt,usdegp,19/11/2024,49.5343
2179,egypt,usdegp,20/11/2024,49.7381
2180,egypt,usdegp,21/11/2024,49.6754
2181,egypt,usdegp,24/11/2024,49.6649
2182,egypt,usdegp,25/11/2024,49.6173
2183,egypt,usdegp,26/11/2024,49.5958
2184,egypt,usdegp,27/11/2024,49.672
2185,egypt,usdegp,28/11/2024,49.5969
2186,egypt,usdegp,01/12/2024,49.5905
2187,egypt,usdegp,02/12/2024,49.7158
2188,egypt,usdegp,03/12/2024,49.7392
2189,egypt,usdegp,04/12/2024,49.8376
2190,egypt,usdegp,05/12/2024,50.0024
2191,egypt,usdegp,08/12/2024,50.2424
2192,egypt,usdegp,09/12/2024,50.5149
2193,egypt,usdegp,10/12/2024,50.4607
2194,egypt,usdegp,11/12/2024,50.6544
2195,egypt,usdegp,12/12/2024,50.8431
2196,egypt,usdegp,15/12/2024,50.7994
2197,egypt,usdegp,16/12/2024,50.8185
2198,egypt,usdegp,17/12/2024,50.7944
2199,egypt,usdegp,18/12/2024,50.8773
2200,egypt,usdegp,19/12/2024,50.9202
2201,egypt,usdegp,22/12/2024,50.9249
2202,egypt,usdegp,23/12/2024,51.0757
2203,egypt,usdegp,24/12/2024,50.9067
2204,egypt,usdegp,25/12/2024,50.9162
2205,egypt,usdegp,26/12/2024,50.8838
2206,egypt,usdegp,29/12/2024,50.855
2207,egypt,usdegp,30/12/2024,50.8415
2208,egypt,usdegp,31/12/2024,50.8388
2209,egypt,usdegp,02/01/2025,50.772
2210,egypt,usdegp,05/01/2025,50.6956
2211,egypt,usdegp,06/01/2025,50.6594
2212,egypt,usdegp,08/01/2025,50.6008
2213,egypt,usdegp,09/01/2025,50.5741
2214,egypt,usdegp,12/01/2025,50.5702
2215,egypt,usdegp,13/01/2025,50.5142
2216,egypt,usdegp,14/01/2025,50.4577
2217,egypt,usdegp,15/01/2025,50.4378
2218,egypt,usdegp,16/01/2025,50.3755
2219,egypt,usdegp,19/01/2025,50.3543
2220,egypt,usdegp,20/01/2025,50.3088
2221,egypt,usdegp,21/01/2025,50.2865
2222,egypt,usdegp,22/01/2025,50.3225
2223,egypt,usdegp,23/01/2025,50.2889
2224,egypt,usdegp,26/01/2025,50.2542
2225,egypt,usdegp,27/01/2025,50.2529
2226,egypt,usdegp,28/01/2025,50.1988
2227,egypt,usdegp,29/01/2025,50.2357
2228,egypt,usdegp,30/01/2025,50.239
2229,egypt,usdegp,02/02/2025,50.2294
2230,egypt,usdegp,03/02/2025,50.346
2231,egypt,usdegp,04/02/2025,50.3086
2232,egypt,usdegp,05/02/2025,50.3193
2233,egypt,usdegp,06/02/2025,50.3
2234,egypt,usdegp,09/02/2025,50.2764
2235,egypt,usdegp,10/02/2025,50.2914
2236,egypt,usdegp,11/02/2025,50.4637
2237,egypt,usdegp,12/02/2025,50.6281
2238,egypt,usdegp,13/02/2025,50.6489
2239,egypt,usdegp,16/02/2025,50.6285
2240,egypt,usdegp,17/02/2025,50.6132
2241,egypt,usdegp,18/02/2025,50.6592
2242,egypt,usdegp,19/02/2025,50.6071
2243,egypt,usdegp,20/02/2025,50.5669
2244,egypt,usdegp,23/02/2025,50.5742
2245,egypt,usdegp,24/02/2025,50.6219
2246,egypt,usdegp,25/02/2025,50.5965
2247,egypt,usdegp,26/02/2025,50.594
2248,egypt,usdegp,27/02/2025,50.6616
2249,egypt,usdegp,02/03/2025,50.6556
2250,egypt,usdegp,03/03/2025,50.6563
2251,egypt,usdegp,04/03/2025,50.6496
2252,egypt,usdegp,05/03/2025,50.6847
2253,egypt,usdegp,06/03/2025,50.7095
2254,egypt,usdegp,09/03/2025,50.6405
2255,egypt,usdegp,10/03/2025,50.6059
2256,egypt,usdegp,11/03/2025,50.609
2257,egypt,usdegp,12/03/2025,50.6878
2258,egypt,usdegp,13/03/2025,50.6516
2259,egypt,usdegp,16/03/2025,50.5901
2260,egypt,usdegp,17/03/2025,50.5121
2261,egypt,usdegp,18/03/2025,50.4807
2262,egypt,usdegp,19/03/2025,50.6426
2263,egypt,usdegp,20/03/2025,50.5644
2264,egypt,usdegp,23/03/2025,50.6549
2265,egypt,usdegp,24/03/2025,50.6109
2266,egypt,usdegp,25/03/2025,50.5809
2267,egypt,usdegp,26/03/2025,50.5526
2268,egypt,usdegp,27/03/2025,50.5844
2269,egypt,usdegp,03/04/2025,50.5983
2270,egypt,usdegp,06/04/2025,51.1254
2271,egypt,usdegp,07/04/2025,51.4005
2272,egypt,usdegp,08/04/2025,51.263
2273,egypt,usdegp,09/04/2025,51.6825
2274,egypt,usdegp,10/04/2025,51.3424
2275,egypt,usdegp,13/04/2025,51.2363
2276,egypt,usdegp,14/04/2025,50.9992
2277,egypt,usdegp,15/04/2025,50.9935
2278,egypt,usdegp,16/04/2025,51.1049
2279,egypt,usdegp,17/04/2025,51.1225
2280,egypt,usdegp,22/04/2025,51.034
2281,egypt,usdegp,23/04/2025,50.9475
2282,egypt,usdegp,27/04/2025,50.934
2283,egypt,usdegp,28/04/2025,50.8125
2284,egypt,usdegp,29/04/2025,50.8076
2285,egypt,usdegp,30/04/2025,50.8104
2286,egypt,usdegp,04/05/2025,50.7156
2287,egypt,usdegp,05/05/2025,50.6802
2288,egypt,usdegp,06/05/2025,50.6665
2289,egypt,usdegp,07/05/2025,50.6419
2290,egypt,usdegp,08/05/2025,50.6235
2291,egypt,usdegp,11/05/2025,50.6057
2292,egypt,usdegp,12/05/2025,50.5047
2293,egypt,usdegp,13/05/2025,50.4409
2294,egypt,usdegp,14/05/2025,50.3898
2295,egypt,usdegp,15/05/2025,50.1482
2296,egypt,usdegp,18/05/2025,50.1083
2297,egypt,usdegp,19/05/2025,50.0529
2298,egypt,usdegp,20/05/2025,49.8934
2299,egypt,usdegp,21/05/2025,49.8609
2300,egypt,usdegp,22/05/2025,49.9017
2301,egypt,usdegp,25/05/2025,49.8992
2302,egypt,usdegp,26/05/2025,49.8295
2303,egypt,usdegp,27/05/2025,49.7948
2304,egypt,usdegp,28/05/2025,49.8027
2305,egypt,usdegp,29/05/2025,49.7448
2306,egypt,usdegp,01/06/2025,49.7
2307,egypt,usdegp,02/06/2025,49.6876
2308,egypt,usdegp,03/06/2025,49.6847
2309,egypt,usdegp,04/06/2025,49.6417
2310,egypt,usdegp,10/06/2025,49.5168
2311,egypt,usdegp,11/06/2025,49.4933
2312,egypt,usdegp,12/06/2025,49.7822
2313,egypt,usdegp,15/06/2025,50.6209
2314,egypt,usdegp,16/06/2025,50.273
2315,egypt,usdegp,17/06/2025,50.1459
2316,egypt,usdegp,18/06/2025,50.545
2317,egypt,usdegp,19/06/2025,50.6651
2318,egypt,usdegp,22/06/2025,50.8038
2319,egypt,usdegp,23/06/2025,50.6892
2320,egypt,usdegp,24/06/2025,50.0474
2321,egypt,usdegp,25/06/2025,49.9063
2322,egypt,usdegp,29/06/2025,49.6926
2323,egypt,usdegp,30/06/2025,49.5971
2324,egypt,usdegp,01/07/2025,49.4496
2325,egypt,usdegp,02/07/2025,49.3425
2326,egypt,usdegp,06/07/2025,49.3386
2327,egypt,usdegp,07/07/2025,49.6729
2328,egypt,usdegp,08/07/2025,49.6879
2329,egypt,usdegp,09/07/2025,49.6076
2330,egypt,usdegp,10/07/2025,49.5155
2331,egypt,usdegp,13/07/2025,49.4931
2332,egypt,usdegp,14/07/2025,49.4648
2333,egypt,usdegp,15/07/2025,49.4096
2334,egypt,usdegp,16/07/2025,49.4275
2335,egypt,usdegp,17/07/2025,49.4278
2336,egypt,usdegp,20/07/2025,49.3556
2337,egypt,usdegp,21/07/2025,49.2428
2338,egypt,usdegp,22/07/2025,49.0755
2339,egypt,usdegp,23/07/2025,49.0855
2340,egypt,usdegp,27/07/2025,48.8748
2341,egypt,usdegp,28/07/2025,48.7733
2342,egypt,usdegp,29/07/2025,48.6598
2343,egypt,usdegp,30/07/2025,48.7112
2344,egypt,usdegp,31/07/2025,48.6766
2345,egypt,usdegp,03/08/2025,48.6412
2346,egypt,usdegp,04/08/2025,48.446
2347,egypt,usdegp,05/08/2025,48.4239
2348,egypt,usdegp,06/08/2025,48.4574
2349,egypt,usdegp,07/08/2025,48.5576
2350,egypt,usdegp,10/08/2025,48.4968
2351,egypt,usdegp,11/08/2025,48.4953
2352,egypt,usdegp,12/08/2025,48.4353
2353,egypt,usdegp,13/08/2025,48.3173
2354,egypt,usdegp,14/08/2025,48.3001
2355,egypt,usdegp,17/08/2025,48.3134
2356,egypt,usdegp,18/08/2025,48.3653
2357,egypt,usdegp,19/08/2025,48.4565
2358,egypt,usdegp,20/08/2025,48.6101
2359,egypt,usdegp,21/08/2025,48.5054
2360,egypt,usdegp,24/08/2025,48.4061
2361,egypt,usdegp,25/08/2025,48.5092
2362,egypt,usdegp,26/08/2025,48.595
2363,egypt,usdegp,27/08/2025,48.6459
2364,egypt,usdegp,28/08/2025,48.5963
2365,egypt,usdegp,31/08/2025,48.587
2366,egypt,usdegp,01/09/2025,48.5587
2367,egypt,usdegp,02/09/2025,48.5264
2368,egypt,usdegp,03/09/2025,48.5866
2369,egypt,usdegp,07/09/2025,48.4927
2370,egypt,usdegp,08/09/2025,48.224
2371,egypt,usdegp,09/09/2025,48
2372,egypt,usdegp,10/09/2025,48.1405
2373,egypt,usdegp,11/09/2025,48.2013
2374,egypt,usdegp,14/09/2025,48.2115
2375,egypt,usdegp,15/09/2025,48.1794
2376,egypt,usdegp,16/09/2025,48.1113
2377,egypt,usdegp,17/09/2025,48.1576
2378,egypt,usdegp,18/09/2025,48.1983
2379,egypt,usdegp,21/09/2025,48.2289
2380,egypt,usdegp,22/09/2025,48.2119
2381,egypt,usdegp,23/09/2025,48.2059
2382,egypt,usdegp,24/09/2025,48.1628
2383,egypt,usdegp,25/09/2025,48.1229
2384,egypt,usdegp,28/09/2025,48.1533
2385,egypt,usdegp,29/09/2025,48.0474
2386,egypt,usdegp,30/09/2025,47.8744
2387,egypt,usdegp,01/10/2025,47.8595
2388,egypt,usdegp,02/10/2025,47.7621
2389,egypt,usdegp,05/10/2025,47.6321
2390,egypt,usdegp,06/10/2025,47.6144
2391,egypt,usdegp,07/10/2025,47.5571
2392,egypt,usdegp,08/10/2025,47.5542
2393,egypt,usdegp,12/10/2025,47.8849
2394,egypt,usdegp,13/10/2025,47.7041
2395,egypt,usdegp,14/10/2025,47.7141
2396,egypt,usdegp,15/10/2025,47.6434
2397,egypt,usdegp,16/10/2025,47.5815
2398,egypt,usdegp,19/10/2025,47.5617
2399,egypt,usdegp,20/10/2025,47.4952
2400,egypt,usdegp,21/10/2025,47.5584
2401,egypt,usdegp,22/10/2025,47.5569
2402,egypt,usdegp,23/10/2025,47.5911
2403,egypt,usdegp,26/10/2025,47.52
2404,egypt,usdegp,27/10/2025,47.435
2405,egypt,usdegp,28/10/2025,47.36
2406,egypt,usdegp,29/10/2025,47.301
2407,egypt,usdegp,30/10/2025,47.2191
2408,egypt,usdegp,02/11/2025,47.233
2409,egypt,usdegp,03/11/2025,47.2502
2410,egypt,usdegp,04/11/2025,47.3744
2411,egypt,usdegp,05/11/2025,47.4119
2412,egypt,usdegp,06/11/2025,47.3508
2413,egypt,usdegp,09/11/2025,47.3394
2414,egypt,usdegp,10/11/2025,47.2641
2415,egypt,usdegp,11/11/2025,47.2175
2416,egypt,usdegp,12/11/2025,47.2267
2417,egypt,usdegp,13/11/2025,47.1813
2418,egypt,usdegp,16/11/2025,47.1418
2419,egypt,usdegp,17/11/2025,47.0579
2420,egypt,usdegp,18/11/2025,47.1762
2421,egypt,usdegp,19/11/2025,47.3974
2422,egypt,usdegp,20/11/2025,47.4543
2423,egypt,usdegp,23/11/2025,47.6284
2424,egypt,usdegp,24/11/2025,47.7637
2425,egypt,usdegp,25/11/2025,47.8253
2426,egypt,usdegp,26/11/2025,47.7108
2427,egypt,usdegp,27/11/2025,47.6488
2428,egypt,usdegp,30/11/2025,47.5789
2429,egypt,usdegp,01/12/2025,47.5318
2430,egypt,usdegp,02/12/2025,47.5144
2431,egypt,usdegp,03/12/2025,47.5933
2432,egypt,usdegp,04/12/2025,47.5658
2433,egypt,usdegp,07/12/2025,47.4963
2434,egypt,usdegp,08/12/2025,47.5378
2435,egypt,usdegp,09/12/2025,47.6076
2436,egypt,usdegp,10/12/2025,47.6296
2437,egypt,usdegp,11/12/2025,47.5339
2438,egypt,usdegp,14/12/2025,47.4847
2439,egypt,usdegp,15/12/2025,47.4651
2440,egypt,usdegp,16/12/2025,47.4184
2441,egypt,usdegp,17/12/2025,47.5934
2442,egypt,usdegp,18/12/2025,47.5856
2443,egypt,usdegp,21/12/2025,47.5443
2444,egypt,usdegp,22/12/2025,47.473
2445,egypt,usdegp,23/12/2025,47.5343
2446,egypt,usdegp,24/12/2025,47.5898
2447,egypt,usdegp,25/12/2025,47.5998
2448,egypt,usdegp,28/12/2025,47.6577
2449,egypt,usdegp,29/12/2025,47.7136
2450,egypt,usdegp,30/12/2025,47.6793
2451,egypt,usdegp,31/12/2025,47.6712
